avg_train_mse,avg_train_rmse,avg_val_mse,avg_val_rmse,avg_val_r2,avg_epochs,model_name,timestamp,checkpoint_dir_name,done,training_iteration,date,time_this_iter_s,time_total_s,pid,hostname,node_ip,time_since_restore,iterations_since_restore,experiment_tag,config/learning_rate,config/batch_size,config/epochs,config/model,config/num_conv_layers,config/num_fcn_layers,config/fcn_width,config/log_dir,config/model_dir,config/early_stop_patience,config/fold_early_stop,config/print,config/tune,config/loocv
0.26381448174660044,0.5136287392140362,0.6139069715894269,0.7835221576888728,0.3707399530730136,40.63636363636363,CNNFCNRegressor_conv1_fcn1_fcnw32_lr0.005_batch16_epochs100,1732767114,,True,12,2024-11-27_22-11-54,0.00039386749267578125,254.04338359832764,12405,Tylers-MacBook-Pro.local,127.0.0.1,254.04338359832764,12,"0_batch_size=16,fcn_width=32,learning_rate=0.0050,num_conv_layers=1,num_fcn_layers=1",0.005,16,100,<class '__main__.CNNFCNRegressor'>,1,1,32,/Users/tyler/GitHub Repositories/UT Austin/2024 Fall/CSML/Final-Project/EE-Estimation/logs/CNNFCN/run1,/Users/tyler/GitHub Repositories/UT Austin/2024 Fall/CSML/Final-Project/EE-Estimation/models/CNNFCN/run1,20,20,False,True,True
0.2592496481851843,0.5091656392424614,0.6666171111854599,0.8164662339530397,0.3827863940410983,48.45454545454545,CNNFCNRegressor_conv1_fcn1_fcnw32_lr0.005_batch32_epochs100,1732767121,,True,12,2024-11-27_22-12-01,0.00016117095947265625,261.3122489452362,12401,Tylers-MacBook-Pro.local,127.0.0.1,261.3122489452362,12,"1_batch_size=32,fcn_width=32,learning_rate=0.0050,num_conv_layers=1,num_fcn_layers=1",0.005,32,100,<class '__main__.CNNFCNRegressor'>,1,1,32,/Users/tyler/GitHub Repositories/UT Austin/2024 Fall/CSML/Final-Project/EE-Estimation/logs/CNNFCN/run1,/Users/tyler/GitHub Repositories/UT Austin/2024 Fall/CSML/Final-Project/EE-Estimation/models/CNNFCN/run1,20,20,False,True,True
0.2635419741466504,0.5133633938514222,0.9428145931208303,0.9709864021297262,-0.1433028355822884,41.45454545454545,CNNFCNRegressor_conv1_fcn1_fcnw64_lr0.005_batch16_epochs100,1732767119,,True,12,2024-11-27_22-11-59,0.0014488697052001953,259.00981640815735,12400,Tylers-MacBook-Pro.local,127.0.0.1,259.00981640815735,12,"2_batch_size=16,fcn_width=64,learning_rate=0.0050,num_conv_layers=1,num_fcn_layers=1",0.005,16,100,<class '__main__.CNNFCNRegressor'>,1,1,64,/Users/tyler/GitHub Repositories/UT Austin/2024 Fall/CSML/Final-Project/EE-Estimation/logs/CNNFCN/run1,/Users/tyler/GitHub Repositories/UT Austin/2024 Fall/CSML/Final-Project/EE-Estimation/models/CNNFCN/run1,20,20,False,True,True
0.26772448634235785,0.5174209952662897,0.7011326581517704,0.8373366456520164,0.36193024732293344,46.0,CNNFCNRegressor_conv1_fcn1_fcnw64_lr0.005_batch32_epochs100,1732767106,,True,12,2024-11-27_22-11-46,0.0004291534423828125,245.6911883354187,12403,Tylers-MacBook-Pro.local,127.0.0.1,245.6911883354187,12,"3_batch_size=32,fcn_width=64,learning_rate=0.0050,num_conv_layers=1,num_fcn_layers=1",0.005,32,100,<class '__main__.CNNFCNRegressor'>,1,1,64,/Users/tyler/GitHub Repositories/UT Austin/2024 Fall/CSML/Final-Project/EE-Estimation/logs/CNNFCN/run1,/Users/tyler/GitHub Repositories/UT Austin/2024 Fall/CSML/Final-Project/EE-Estimation/models/CNNFCN/run1,20,20,False,True,True
0.2910041599106602,0.5394480140946486,0.574443863136097,0.7579207499046962,0.4369964487248002,57.36363636363637,CNNFCNRegressor_conv1_fcn1_fcnw32_lr0.001_batch16_epochs100,1732767222,,True,12,2024-11-27_22-13-42,0.00023102760314941406,361.9601480960846,12404,Tylers-MacBook-Pro.local,127.0.0.1,361.9601480960846,12,"4_batch_size=16,fcn_width=32,learning_rate=0.0010,num_conv_layers=1,num_fcn_layers=1",0.001,16,100,<class '__main__.CNNFCNRegressor'>,1,1,32,/Users/tyler/GitHub Repositories/UT Austin/2024 Fall/CSML/Final-Project/EE-Estimation/logs/CNNFCN/run1,/Users/tyler/GitHub Repositories/UT Austin/2024 Fall/CSML/Final-Project/EE-Estimation/models/CNNFCN/run1,20,20,False,True,True
0.32203753694697856,0.5674835124891107,0.5548105202935811,0.7448560399792574,0.44813819879586964,50.90909090909091,CNNFCNRegressor_conv1_fcn1_fcnw32_lr0.001_batch32_epochs100,1732767133,,True,12,2024-11-27_22-12-13,0.0004200935363769531,272.750257730484,12408,Tylers-MacBook-Pro.local,127.0.0.1,272.750257730484,12,"5_batch_size=32,fcn_width=32,learning_rate=0.0010,num_conv_layers=1,num_fcn_layers=1",0.001,32,100,<class '__main__.CNNFCNRegressor'>,1,1,32,/Users/tyler/GitHub Repositories/UT Austin/2024 Fall/CSML/Final-Project/EE-Estimation/logs/CNNFCN/run1,/Users/tyler/GitHub Repositories/UT Austin/2024 Fall/CSML/Final-Project/EE-Estimation/models/CNNFCN/run1,20,20,False,True,True
0.3071006603272998,0.5541666358842797,0.546917297746347,0.7395385708307222,0.4607464544931908,49.09090909090909,CNNFCNRegressor_conv1_fcn1_fcnw64_lr0.001_batch16_epochs100,1732767169,,True,12,2024-11-27_22-12-49,0.0006477832794189453,309.2689700126648,12409,Tylers-MacBook-Pro.local,127.0.0.1,309.2689700126648,12,"6_batch_size=16,fcn_width=64,learning_rate=0.0010,num_conv_layers=1,num_fcn_layers=1",0.001,16,100,<class '__main__.CNNFCNRegressor'>,1,1,64,/Users/tyler/GitHub Repositories/UT Austin/2024 Fall/CSML/Final-Project/EE-Estimation/logs/CNNFCN/run1,/Users/tyler/GitHub Repositories/UT Austin/2024 Fall/CSML/Final-Project/EE-Estimation/models/CNNFCN/run1,20,20,False,True,True
0.32036571008431475,0.5660085777480008,0.6300529970959883,0.7937587776497267,0.3478001898214928,54.36363636363637,CNNFCNRegressor_conv1_fcn1_fcnw64_lr0.001_batch32_epochs100,1732767153,,True,12,2024-11-27_22-12-33,0.0005800724029541016,292.7450671195984,12407,Tylers-MacBook-Pro.local,127.0.0.1,292.7450671195984,12,"7_batch_size=32,fcn_width=64,learning_rate=0.0010,num_conv_layers=1,num_fcn_layers=1",0.001,32,100,<class '__main__.CNNFCNRegressor'>,1,1,64,/Users/tyler/GitHub Repositories/UT Austin/2024 Fall/CSML/Final-Project/EE-Estimation/logs/CNNFCN/run1,/Users/tyler/GitHub Repositories/UT Austin/2024 Fall/CSML/Final-Project/EE-Estimation/models/CNNFCN/run1,20,20,False,True,True
0.3212845533954884,0.5668196833169156,0.6131912684676135,0.7830653028117218,0.22679840345099267,54.54545454545455,CNNFCNRegressor_conv1_fcn1_fcnw32_lr0.05_batch16_epochs100,1732767203,,True,12,2024-11-27_22-13-23,0.0001399517059326172,343.0811586380005,12402,Tylers-MacBook-Pro.local,127.0.0.1,343.0811586380005,12,"8_batch_size=16,fcn_width=32,learning_rate=0.0500,num_conv_layers=1,num_fcn_layers=1",0.05,16,100,<class '__main__.CNNFCNRegressor'>,1,1,32,/Users/tyler/GitHub Repositories/UT Austin/2024 Fall/CSML/Final-Project/EE-Estimation/logs/CNNFCN/run1,/Users/tyler/GitHub Repositories/UT Austin/2024 Fall/CSML/Final-Project/EE-Estimation/models/CNNFCN/run1,20,20,False,True,True
0.2846621954889395,0.5335374358833123,0.6155185094383827,0.784549876960275,0.27881932924691094,48.72727272727273,CNNFCNRegressor_conv1_fcn1_fcnw32_lr0.05_batch32_epochs100,1732767122,,True,12,2024-11-27_22-12-02,0.0019669532775878906,261.53038024902344,12406,Tylers-MacBook-Pro.local,127.0.0.1,261.53038024902344,12,"9_batch_size=32,fcn_width=32,learning_rate=0.0500,num_conv_layers=1,num_fcn_layers=1",0.05,32,100,<class '__main__.CNNFCNRegressor'>,1,1,32,/Users/tyler/GitHub Repositories/UT Austin/2024 Fall/CSML/Final-Project/EE-Estimation/logs/CNNFCN/run1,/Users/tyler/GitHub Repositories/UT Austin/2024 Fall/CSML/Final-Project/EE-Estimation/models/CNNFCN/run1,20,20,False,True,True
0.3196695759864831,0.5653932931919896,0.5612410618960393,0.7491602377969878,0.3531787702775779,40.72727272727273,CNNFCNRegressor_conv1_fcn1_fcnw64_lr0.05_batch16_epochs100,1732767368,,True,12,2024-11-27_22-16-08,0.0001552104949951172,258.14671635627747,14398,Tylers-MacBook-Pro.local,127.0.0.1,258.14671635627747,12,"10_batch_size=16,fcn_width=64,learning_rate=0.0500,num_conv_layers=1,num_fcn_layers=1",0.05,16,100,<class '__main__.CNNFCNRegressor'>,1,1,64,/Users/tyler/GitHub Repositories/UT Austin/2024 Fall/CSML/Final-Project/EE-Estimation/logs/CNNFCN/run1,/Users/tyler/GitHub Repositories/UT Austin/2024 Fall/CSML/Final-Project/EE-Estimation/models/CNNFCN/run1,20,20,False,True,True
0.29181459900937906,0.5401986662417625,0.6673738534684716,0.8169295278470913,0.4047641990913711,41.81818181818182,CNNFCNRegressor_conv1_fcn1_fcnw64_lr0.05_batch32_epochs100,1732767344,,True,12,2024-11-27_22-15-44,0.00047898292541503906,226.4731307029724,14471,Tylers-MacBook-Pro.local,127.0.0.1,226.4731307029724,12,"11_batch_size=32,fcn_width=64,learning_rate=0.0500,num_conv_layers=1,num_fcn_layers=1",0.05,32,100,<class '__main__.CNNFCNRegressor'>,1,1,64,/Users/tyler/GitHub Repositories/UT Austin/2024 Fall/CSML/Final-Project/EE-Estimation/logs/CNNFCN/run1,/Users/tyler/GitHub Repositories/UT Austin/2024 Fall/CSML/Final-Project/EE-Estimation/models/CNNFCN/run1,20,20,False,True,True
0.24624142451919748,0.4962271904271243,0.6608819225990499,0.8129464450989683,0.3038112926883072,47.27272727272727,CNNFCNRegressor_conv1_fcn1_fcnw32_lr0.01_batch16_epochs100,1732767424,,True,12,2024-11-27_22-17-04,0.001088857650756836,300.73625802993774,14509,Tylers-MacBook-Pro.local,127.0.0.1,300.73625802993774,12,"12_batch_size=16,fcn_width=32,learning_rate=0.0100,num_conv_layers=1,num_fcn_layers=1",0.01,16,100,<class '__main__.CNNFCNRegressor'>,1,1,32,/Users/tyler/GitHub Repositories/UT Austin/2024 Fall/CSML/Final-Project/EE-Estimation/logs/CNNFCN/run1,/Users/tyler/GitHub Repositories/UT Austin/2024 Fall/CSML/Final-Project/EE-Estimation/models/CNNFCN/run1,20,20,False,True,True
0.2630386151390529,0.5128729034946699,0.6980683200072592,0.8355048294338334,0.36280798566936523,44.90909090909091,CNNFCNRegressor_conv1_fcn1_fcnw32_lr0.01_batch32_epochs100,1732767370,,True,12,2024-11-27_22-16-10,0.0005400180816650391,245.4766652584076,14522,Tylers-MacBook-Pro.local,127.0.0.1,245.4766652584076,12,"13_batch_size=32,fcn_width=32,learning_rate=0.0100,num_conv_layers=1,num_fcn_layers=1",0.01,32,100,<class '__main__.CNNFCNRegressor'>,1,1,32,/Users/tyler/GitHub Repositories/UT Austin/2024 Fall/CSML/Final-Project/EE-Estimation/logs/CNNFCN/run1,/Users/tyler/GitHub Repositories/UT Austin/2024 Fall/CSML/Final-Project/EE-Estimation/models/CNNFCN/run1,20,20,False,True,True
0.2504806348236864,0.5004804040356489,0.8223535495794777,0.9068371130360059,0.1945085354156152,47.0,CNNFCNRegressor_conv1_fcn1_fcnw64_lr0.01_batch16_epochs100,1732767425,,True,12,2024-11-27_22-17-05,0.0002830028533935547,298.83256912231445,14549,Tylers-MacBook-Pro.local,127.0.0.1,298.83256912231445,12,"14_batch_size=16,fcn_width=64,learning_rate=0.0100,num_conv_layers=1,num_fcn_layers=1",0.01,16,100,<class '__main__.CNNFCNRegressor'>,1,1,64,/Users/tyler/GitHub Repositories/UT Austin/2024 Fall/CSML/Final-Project/EE-Estimation/logs/CNNFCN/run1,/Users/tyler/GitHub Repositories/UT Austin/2024 Fall/CSML/Final-Project/EE-Estimation/models/CNNFCN/run1,20,20,False,True,True
0.2619516617533448,0.5118121352150071,0.5936628673668163,0.7704952091783674,0.459102564561773,35.81818181818182,CNNFCNRegressor_conv1_fcn1_fcnw64_lr0.01_batch32_epochs100,1732767333,,True,12,2024-11-27_22-15-33,0.0013148784637451172,196.17401027679443,14634,Tylers-MacBook-Pro.local,127.0.0.1,196.17401027679443,12,"15_batch_size=32,fcn_width=64,learning_rate=0.0100,num_conv_layers=1,num_fcn_layers=1",0.01,32,100,<class '__main__.CNNFCNRegressor'>,1,1,64,/Users/tyler/GitHub Repositories/UT Austin/2024 Fall/CSML/Final-Project/EE-Estimation/logs/CNNFCN/run1,/Users/tyler/GitHub Repositories/UT Austin/2024 Fall/CSML/Final-Project/EE-Estimation/models/CNNFCN/run1,20,20,False,True,True
0.18781673766224988,0.4333782847146934,0.8735718431270579,0.9346506529859474,-0.07645084006123101,22.727272727272727,CNNFCNRegressor_conv2_fcn1_fcnw32_lr0.005_batch16_epochs100,1732767451,,True,12,2024-11-27_22-17-31,0.0011649131774902344,294.0293309688568,14800,Tylers-MacBook-Pro.local,127.0.0.1,294.0293309688568,12,"16_batch_size=16,fcn_width=32,learning_rate=0.0050,num_conv_layers=2,num_fcn_layers=1",0.005,16,100,<class '__main__.CNNFCNRegressor'>,2,1,32,/Users/tyler/GitHub Repositories/UT Austin/2024 Fall/CSML/Final-Project/EE-Estimation/logs/CNNFCN/run1,/Users/tyler/GitHub Repositories/UT Austin/2024 Fall/CSML/Final-Project/EE-Estimation/models/CNNFCN/run1,20,20,False,True,True
0.1905074887429654,0.43647163566830477,0.7169770442084206,0.8467449699929847,0.28218684768867996,25.0,CNNFCNRegressor_conv2_fcn1_fcnw32_lr0.005_batch32_epochs100,1732767529,,True,12,2024-11-27_22-18-49,0.00024700164794921875,356.2559025287628,14919,Tylers-MacBook-Pro.local,127.0.0.1,356.2559025287628,12,"17_batch_size=32,fcn_width=32,learning_rate=0.0050,num_conv_layers=2,num_fcn_layers=1",0.005,32,100,<class '__main__.CNNFCNRegressor'>,2,1,32,/Users/tyler/GitHub Repositories/UT Austin/2024 Fall/CSML/Final-Project/EE-Estimation/logs/CNNFCN/run1,/Users/tyler/GitHub Repositories/UT Austin/2024 Fall/CSML/Final-Project/EE-Estimation/models/CNNFCN/run1,20,20,False,True,True
0.17904981598890565,0.4231427843989611,0.7537214464910555,0.8681713232369839,0.19488619914872396,27.363636363636363,CNNFCNRegressor_conv2_fcn1_fcnw64_lr0.005_batch16_epochs100,1732767630,,True,12,2024-11-27_22-20-30,0.0005650520324707031,422.788455247879,15200,Tylers-MacBook-Pro.local,127.0.0.1,422.788455247879,12,"18_batch_size=16,fcn_width=64,learning_rate=0.0050,num_conv_layers=2,num_fcn_layers=1",0.005,16,100,<class '__main__.CNNFCNRegressor'>,2,1,64,/Users/tyler/GitHub Repositories/UT Austin/2024 Fall/CSML/Final-Project/EE-Estimation/logs/CNNFCN/run1,/Users/tyler/GitHub Repositories/UT Austin/2024 Fall/CSML/Final-Project/EE-Estimation/models/CNNFCN/run1,20,20,False,True,True
0.18517952331156504,0.4303249043589797,0.6797824975817709,0.8244892343637792,0.3318615035768165,27.181818181818183,CNNFCNRegressor_conv2_fcn1_fcnw64_lr0.005_batch32_epochs100,1732767613,,True,12,2024-11-27_22-20-13,0.001567840576171875,386.56833267211914,15343,Tylers-MacBook-Pro.local,127.0.0.1,386.56833267211914,12,"19_batch_size=32,fcn_width=64,learning_rate=0.0050,num_conv_layers=2,num_fcn_layers=1",0.005,32,100,<class '__main__.CNNFCNRegressor'>,2,1,64,/Users/tyler/GitHub Repositories/UT Austin/2024 Fall/CSML/Final-Project/EE-Estimation/logs/CNNFCN/run1,/Users/tyler/GitHub Repositories/UT Austin/2024 Fall/CSML/Final-Project/EE-Estimation/models/CNNFCN/run1,20,20,False,True,True
0.19852527636936193,0.44556175371025947,0.6645566347751423,0.815203431528071,0.3245761995802025,29.0,CNNFCNRegressor_conv2_fcn1_fcnw32_lr0.001_batch16_epochs100,1732767785,,True,12,2024-11-27_22-23-05,0.0018610954284667969,448.28798389434814,16260,Tylers-MacBook-Pro.local,127.0.0.1,448.28798389434814,12,"20_batch_size=16,fcn_width=32,learning_rate=0.0010,num_conv_layers=2,num_fcn_layers=1",0.001,16,100,<class '__main__.CNNFCNRegressor'>,2,1,32,/Users/tyler/GitHub Repositories/UT Austin/2024 Fall/CSML/Final-Project/EE-Estimation/logs/CNNFCN/run1,/Users/tyler/GitHub Repositories/UT Austin/2024 Fall/CSML/Final-Project/EE-Estimation/models/CNNFCN/run1,20,20,False,True,True
0.19689640338561443,0.44373010196020557,0.6888910845483166,0.8299946292285972,0.3245557250622466,33.27272727272727,CNNFCNRegressor_conv2_fcn1_fcnw32_lr0.001_batch32_epochs100,1732767825,,True,12,2024-11-27_22-23-45,0.00042819976806640625,476.30712485313416,16355,Tylers-MacBook-Pro.local,127.0.0.1,476.30712485313416,12,"21_batch_size=32,fcn_width=32,learning_rate=0.0010,num_conv_layers=2,num_fcn_layers=1",0.001,32,100,<class '__main__.CNNFCNRegressor'>,2,1,32,/Users/tyler/GitHub Repositories/UT Austin/2024 Fall/CSML/Final-Project/EE-Estimation/logs/CNNFCN/run1,/Users/tyler/GitHub Repositories/UT Austin/2024 Fall/CSML/Final-Project/EE-Estimation/models/CNNFCN/run1,20,20,False,True,True
0.1997401070959784,0.4469229319423858,0.6856160530414198,0.828019355475112,0.25620473351574263,28.272727272727273,CNNFCNRegressor_conv2_fcn1_fcnw64_lr0.001_batch16_epochs100,1732767809,,True,12,2024-11-27_22-23-29,0.0015308856964111328,437.62513494491577,16544,Tylers-MacBook-Pro.local,127.0.0.1,437.62513494491577,12,"22_batch_size=16,fcn_width=64,learning_rate=0.0010,num_conv_layers=2,num_fcn_layers=1",0.001,16,100,<class '__main__.CNNFCNRegressor'>,2,1,64,/Users/tyler/GitHub Repositories/UT Austin/2024 Fall/CSML/Final-Project/EE-Estimation/logs/CNNFCN/run1,/Users/tyler/GitHub Repositories/UT Austin/2024 Fall/CSML/Final-Project/EE-Estimation/models/CNNFCN/run1,20,20,False,True,True
0.19796737727918556,0.44493525065922296,0.6463634799952808,0.8039673376420716,0.36773342915274515,34.54545454545455,CNNFCNRegressor_conv2_fcn1_fcnw64_lr0.001_batch32_epochs100,1732767869,,True,12,2024-11-27_22-24-29,0.0010612010955810547,494.49229645729065,16557,Tylers-MacBook-Pro.local,127.0.0.1,494.49229645729065,12,"23_batch_size=32,fcn_width=64,learning_rate=0.0010,num_conv_layers=2,num_fcn_layers=1",0.001,32,100,<class '__main__.CNNFCNRegressor'>,2,1,64,/Users/tyler/GitHub Repositories/UT Austin/2024 Fall/CSML/Final-Project/EE-Estimation/logs/CNNFCN/run1,/Users/tyler/GitHub Repositories/UT Austin/2024 Fall/CSML/Final-Project/EE-Estimation/models/CNNFCN/run1,20,20,False,True,True
0.30031406848855496,0.5480091865001488,0.6084376960991809,0.7800241637918539,0.42554048494968233,31.0,CNNFCNRegressor_conv2_fcn1_fcnw32_lr0.05_batch16_epochs100,1732767907,,True,12,2024-11-27_22-25-07,0.0030431747436523438,479.36302399635315,16992,Tylers-MacBook-Pro.local,127.0.0.1,479.36302399635315,12,"24_batch_size=16,fcn_width=32,learning_rate=0.0500,num_conv_layers=2,num_fcn_layers=1",0.05,16,100,<class '__main__.CNNFCNRegressor'>,2,1,32,/Users/tyler/GitHub Repositories/UT Austin/2024 Fall/CSML/Final-Project/EE-Estimation/logs/CNNFCN/run1,/Users/tyler/GitHub Repositories/UT Austin/2024 Fall/CSML/Final-Project/EE-Estimation/models/CNNFCN/run1,20,20,False,True,True
0.2505720967825289,0.5005717698617541,0.7786373113165336,0.8824042788407894,0.12473233009116842,34.18181818181818,CNNFCNRegressor_conv2_fcn1_fcnw32_lr0.05_batch32_epochs100,1732767920,,True,12,2024-11-27_22-25-20,0.0011799335479736328,490.41846990585327,16994,Tylers-MacBook-Pro.local,127.0.0.1,490.41846990585327,12,"25_batch_size=32,fcn_width=32,learning_rate=0.0500,num_conv_layers=2,num_fcn_layers=1",0.05,32,100,<class '__main__.CNNFCNRegressor'>,2,1,32,/Users/tyler/GitHub Repositories/UT Austin/2024 Fall/CSML/Final-Project/EE-Estimation/logs/CNNFCN/run1,/Users/tyler/GitHub Repositories/UT Austin/2024 Fall/CSML/Final-Project/EE-Estimation/models/CNNFCN/run1,20,20,False,True,True
0.28857746706942883,0.5371940683490732,0.734270229475293,0.8568956934629167,0.13960791590695487,35.54545454545455,CNNFCNRegressor_conv2_fcn1_fcnw64_lr0.05_batch16_epochs100,1732768003,,True,12,2024-11-27_22-26-43,0.00109100341796875,547.7697229385376,17212,Tylers-MacBook-Pro.local,127.0.0.1,547.7697229385376,12,"26_batch_size=16,fcn_width=64,learning_rate=0.0500,num_conv_layers=2,num_fcn_layers=1",0.05,16,100,<class '__main__.CNNFCNRegressor'>,2,1,64,/Users/tyler/GitHub Repositories/UT Austin/2024 Fall/CSML/Final-Project/EE-Estimation/logs/CNNFCN/run1,/Users/tyler/GitHub Repositories/UT Austin/2024 Fall/CSML/Final-Project/EE-Estimation/models/CNNFCN/run1,20,20,False,True,True
0.2508085680274548,0.5008079153003223,0.641891601980429,0.8011813789526246,0.3368921537339633,38.54545454545455,CNNFCNRegressor_conv2_fcn1_fcnw64_lr0.05_batch32_epochs100,1732768095,,True,12,2024-11-27_22-28-15,0.0012378692626953125,561.2194893360138,17849,Tylers-MacBook-Pro.local,127.0.0.1,561.2194893360138,12,"27_batch_size=32,fcn_width=64,learning_rate=0.0500,num_conv_layers=2,num_fcn_layers=1",0.05,32,100,<class '__main__.CNNFCNRegressor'>,2,1,64,/Users/tyler/GitHub Repositories/UT Austin/2024 Fall/CSML/Final-Project/EE-Estimation/logs/CNNFCN/run1,/Users/tyler/GitHub Repositories/UT Austin/2024 Fall/CSML/Final-Project/EE-Estimation/models/CNNFCN/run1,20,20,False,True,True
0.18469881222977885,0.42976599706093416,0.7391487190652678,0.8597375873284056,0.282291096776661,32.72727272727273,CNNFCNRegressor_conv2_fcn1_fcnw32_lr0.01_batch16_epochs100,1732768143,,True,12,2024-11-27_22-29-03,0.0006351470947265625,527.1129033565521,18491,Tylers-MacBook-Pro.local,127.0.0.1,527.1129033565521,12,"28_batch_size=16,fcn_width=32,learning_rate=0.0100,num_conv_layers=2,num_fcn_layers=1",0.01,16,100,<class '__main__.CNNFCNRegressor'>,2,1,32,/Users/tyler/GitHub Repositories/UT Austin/2024 Fall/CSML/Final-Project/EE-Estimation/logs/CNNFCN/run1,/Users/tyler/GitHub Repositories/UT Austin/2024 Fall/CSML/Final-Project/EE-Estimation/models/CNNFCN/run1,20,20,False,True,True
0.1917328379083626,0.4378730842474365,0.880579573228188,0.938392014686926,0.04707729989847396,25.636363636363637,CNNFCNRegressor_conv2_fcn1_fcnw32_lr0.01_batch32_epochs100,1732768003,,True,12,2024-11-27_22-26-43,0.0017287731170654297,369.9250361919403,18645,Tylers-MacBook-Pro.local,127.0.0.1,369.9250361919403,12,"29_batch_size=32,fcn_width=32,learning_rate=0.0100,num_conv_layers=2,num_fcn_layers=1",0.01,32,100,<class '__main__.CNNFCNRegressor'>,2,1,32,/Users/tyler/GitHub Repositories/UT Austin/2024 Fall/CSML/Final-Project/EE-Estimation/logs/CNNFCN/run1,/Users/tyler/GitHub Repositories/UT Austin/2024 Fall/CSML/Final-Project/EE-Estimation/models/CNNFCN/run1,20,20,False,True,True
0.18832599688948892,0.43396543282787964,0.7615765343063017,0.8726835247134563,0.28355525560306255,27.454545454545453,CNNFCNRegressor_conv2_fcn1_fcnw64_lr0.01_batch16_epochs100,1732768193,,True,12,2024-11-27_22-29-53,0.00017404556274414062,403.962614774704,19921,Tylers-MacBook-Pro.local,127.0.0.1,403.962614774704,12,"30_batch_size=16,fcn_width=64,learning_rate=0.0100,num_conv_layers=2,num_fcn_layers=1",0.01,16,100,<class '__main__.CNNFCNRegressor'>,2,1,64,/Users/tyler/GitHub Repositories/UT Austin/2024 Fall/CSML/Final-Project/EE-Estimation/logs/CNNFCN/run1,/Users/tyler/GitHub Repositories/UT Austin/2024 Fall/CSML/Final-Project/EE-Estimation/models/CNNFCN/run1,20,20,False,True,True
0.1869436933241362,0.43236985709475195,0.7032538732705533,0.8386023332131585,0.30701001376325193,25.727272727272727,CNNFCNRegressor_conv2_fcn1_fcnw64_lr0.01_batch32_epochs100,1732768181,,True,12,2024-11-27_22-29-41,0.0027780532836914062,368.22945284843445,20110,Tylers-MacBook-Pro.local,127.0.0.1,368.22945284843445,12,"31_batch_size=32,fcn_width=64,learning_rate=0.0100,num_conv_layers=2,num_fcn_layers=1",0.01,32,100,<class '__main__.CNNFCNRegressor'>,2,1,64,/Users/tyler/GitHub Repositories/UT Austin/2024 Fall/CSML/Final-Project/EE-Estimation/logs/CNNFCN/run1,/Users/tyler/GitHub Repositories/UT Austin/2024 Fall/CSML/Final-Project/EE-Estimation/models/CNNFCN/run1,20,20,False,True,True
0.1311471793544557,0.36214248487916423,0.6492201363367851,0.8057419787604374,0.3399064977882281,31.636363636363637,CNNFCNRegressor_conv3_fcn1_fcnw32_lr0.005_batch16_epochs100,1732768669,,True,12,2024-11-27_22-37-49,0.004515171051025391,839.8555908203125,20249,Tylers-MacBook-Pro.local,127.0.0.1,839.8555908203125,12,"32_batch_size=16,fcn_width=32,learning_rate=0.0050,num_conv_layers=3,num_fcn_layers=1",0.005,16,100,<class '__main__.CNNFCNRegressor'>,3,1,32,/Users/tyler/GitHub Repositories/UT Austin/2024 Fall/CSML/Final-Project/EE-Estimation/logs/CNNFCN/run1,/Users/tyler/GitHub Repositories/UT Austin/2024 Fall/CSML/Final-Project/EE-Estimation/models/CNNFCN/run1,20,20,False,True,True
0.144664853405989,0.38034833167241444,0.7558918050602013,0.8694203845437495,0.2354620349269233,29.09090909090909,CNNFCNRegressor_conv3_fcn1_fcnw32_lr0.005_batch32_epochs100,1732768596,,True,12,2024-11-27_22-36-36,0.0016932487487792969,723.1925852298737,20695,Tylers-MacBook-Pro.local,127.0.0.1,723.1925852298737,12,"33_batch_size=32,fcn_width=32,learning_rate=0.0050,num_conv_layers=3,num_fcn_layers=1",0.005,32,100,<class '__main__.CNNFCNRegressor'>,3,1,32,/Users/tyler/GitHub Repositories/UT Austin/2024 Fall/CSML/Final-Project/EE-Estimation/logs/CNNFCN/run1,/Users/tyler/GitHub Repositories/UT Austin/2024 Fall/CSML/Final-Project/EE-Estimation/models/CNNFCN/run1,20,20,False,True,True
0.13237856231874015,0.3638386487424613,0.9647617776912942,0.9822228757727516,-0.307236322087208,29.90909090909091,CNNFCNRegressor_conv3_fcn1_fcnw64_lr0.005_batch16_epochs100,1732768695,,True,12,2024-11-27_22-38-15,0.006844282150268555,783.1046805381775,20986,Tylers-MacBook-Pro.local,127.0.0.1,783.1046805381775,12,"34_batch_size=16,fcn_width=64,learning_rate=0.0050,num_conv_layers=3,num_fcn_layers=1",0.005,16,100,<class '__main__.CNNFCNRegressor'>,3,1,64,/Users/tyler/GitHub Repositories/UT Austin/2024 Fall/CSML/Final-Project/EE-Estimation/logs/CNNFCN/run1,/Users/tyler/GitHub Repositories/UT Austin/2024 Fall/CSML/Final-Project/EE-Estimation/models/CNNFCN/run1,20,20,False,True,True
0.1512868032922881,0.38895604287925406,0.7515759642397452,0.8669348096827957,0.24779669244533586,26.09090909090909,CNNFCNRegressor_conv3_fcn1_fcnw64_lr0.005_batch32_epochs100,1732768634,,True,12,2024-11-27_22-37-14,0.00014209747314453125,709.9346070289612,21103,Tylers-MacBook-Pro.local,127.0.0.1,709.9346070289612,12,"35_batch_size=32,fcn_width=64,learning_rate=0.0050,num_conv_layers=3,num_fcn_layers=1",0.005,32,100,<class '__main__.CNNFCNRegressor'>,3,1,64,/Users/tyler/GitHub Repositories/UT Austin/2024 Fall/CSML/Final-Project/EE-Estimation/logs/CNNFCN/run1,/Users/tyler/GitHub Repositories/UT Austin/2024 Fall/CSML/Final-Project/EE-Estimation/models/CNNFCN/run1,20,20,False,True,True
0.16729421444373105,0.40901615425766624,0.6775098003907721,0.8231098349496088,0.3257026232738372,25.90909090909091,CNNFCNRegressor_conv3_fcn1_fcnw32_lr0.001_batch16_epochs100,1732768867,,True,12,2024-11-27_22-41-07,0.00039124488830566406,860.3798418045044,21751,Tylers-MacBook-Pro.local,127.0.0.1,860.3798418045044,12,"36_batch_size=16,fcn_width=32,learning_rate=0.0010,num_conv_layers=3,num_fcn_layers=1",0.001,16,100,<class '__main__.CNNFCNRegressor'>,3,1,32,/Users/tyler/GitHub Repositories/UT Austin/2024 Fall/CSML/Final-Project/EE-Estimation/logs/CNNFCN/run1,/Users/tyler/GitHub Repositories/UT Austin/2024 Fall/CSML/Final-Project/EE-Estimation/models/CNNFCN/run1,20,20,False,True,True
0.169082085969174,0.41119592163489904,0.814438849832976,0.9024626584147268,0.1077818857610844,30.181818181818183,CNNFCNRegressor_conv3_fcn1_fcnw32_lr0.001_batch32_epochs100,1732768949,,True,12,2024-11-27_22-42-29,0.0011830329895019531,940.9958510398865,21782,Tylers-MacBook-Pro.local,127.0.0.1,940.9958510398865,12,"37_batch_size=32,fcn_width=32,learning_rate=0.0010,num_conv_layers=3,num_fcn_layers=1",0.001,32,100,<class '__main__.CNNFCNRegressor'>,3,1,32,/Users/tyler/GitHub Repositories/UT Austin/2024 Fall/CSML/Final-Project/EE-Estimation/logs/CNNFCN/run1,/Users/tyler/GitHub Repositories/UT Austin/2024 Fall/CSML/Final-Project/EE-Estimation/models/CNNFCN/run1,20,20,False,True,True
0.16100435525605833,0.4012534800547633,0.8833608915303898,0.9398728060383436,0.08922230941563275,26.818181818181817,CNNFCNRegressor_conv3_fcn1_fcnw64_lr0.001_batch16_epochs100,1732768835,,True,12,2024-11-27_22-40-35,0.0010919570922851562,735.7491154670715,22504,Tylers-MacBook-Pro.local,127.0.0.1,735.7491154670715,12,"38_batch_size=16,fcn_width=64,learning_rate=0.0010,num_conv_layers=3,num_fcn_layers=1",0.001,16,100,<class '__main__.CNNFCNRegressor'>,3,1,64,/Users/tyler/GitHub Repositories/UT Austin/2024 Fall/CSML/Final-Project/EE-Estimation/logs/CNNFCN/run1,/Users/tyler/GitHub Repositories/UT Austin/2024 Fall/CSML/Final-Project/EE-Estimation/models/CNNFCN/run1,20,20,False,True,True
0.17477247450214042,0.4180579798331093,0.7196066627534439,0.8482963295649958,0.21020037724075313,26.545454545454547,CNNFCNRegressor_conv3_fcn1_fcnw64_lr0.001_batch32_epochs100,1732768975,,True,12,2024-11-27_22-42-55,0.0007250308990478516,827.008214712143,22878,Tylers-MacBook-Pro.local,127.0.0.1,827.008214712143,12,"39_batch_size=32,fcn_width=64,learning_rate=0.0010,num_conv_layers=3,num_fcn_layers=1",0.001,32,100,<class '__main__.CNNFCNRegressor'>,3,1,64,/Users/tyler/GitHub Repositories/UT Austin/2024 Fall/CSML/Final-Project/EE-Estimation/logs/CNNFCN/run1,/Users/tyler/GitHub Repositories/UT Austin/2024 Fall/CSML/Final-Project/EE-Estimation/models/CNNFCN/run1,20,20,False,True,True
0.5715237498833274,0.7559918980275697,0.6803426981934081,0.8248288902514316,0.1886874443221072,51.45454545454545,CNNFCNRegressor_conv3_fcn1_fcnw32_lr0.05_batch16_epochs100,1732769650,,True,12,2024-11-27_22-54-10,0.0003769397735595703,1464.7925281524658,23188,Tylers-MacBook-Pro.local,127.0.0.1,1464.7925281524658,12,"40_batch_size=16,fcn_width=32,learning_rate=0.0500,num_conv_layers=3,num_fcn_layers=1",0.05,16,100,<class '__main__.CNNFCNRegressor'>,3,1,32,/Users/tyler/GitHub Repositories/UT Austin/2024 Fall/CSML/Final-Project/EE-Estimation/logs/CNNFCN/run1,/Users/tyler/GitHub Repositories/UT Austin/2024 Fall/CSML/Final-Project/EE-Estimation/models/CNNFCN/run1,20,20,False,True,True
0.5218484616432538,0.7223907956523629,1.762942497845087,1.3277584486061789,-2.140156385789437,32.63636363636363,CNNFCNRegressor_conv3_fcn1_fcnw32_lr0.05_batch32_epochs100,1732769218,,True,12,2024-11-27_22-46-58,0.0020012855529785156,1020.9245524406433,23275,Tylers-MacBook-Pro.local,127.0.0.1,1020.9245524406433,12,"41_batch_size=32,fcn_width=32,learning_rate=0.0500,num_conv_layers=3,num_fcn_layers=1",0.05,32,100,<class '__main__.CNNFCNRegressor'>,3,1,32,/Users/tyler/GitHub Repositories/UT Austin/2024 Fall/CSML/Final-Project/EE-Estimation/logs/CNNFCN/run1,/Users/tyler/GitHub Repositories/UT Austin/2024 Fall/CSML/Final-Project/EE-Estimation/models/CNNFCN/run1,20,20,False,True,True
0.5825420915862464,0.7632444507405517,0.7745124728440402,0.8800639027048208,0.22223899002159386,33.27272727272727,CNNFCNRegressor_conv3_fcn1_fcnw64_lr0.05_batch16_epochs100,1732769504,,True,12,2024-11-27_22-51-44,0.00021982192993164062,903.5971698760986,26613,Tylers-MacBook-Pro.local,127.0.0.1,903.5971698760986,12,"42_batch_size=16,fcn_width=64,learning_rate=0.0500,num_conv_layers=3,num_fcn_layers=1",0.05,16,100,<class '__main__.CNNFCNRegressor'>,3,1,64,/Users/tyler/GitHub Repositories/UT Austin/2024 Fall/CSML/Final-Project/EE-Estimation/logs/CNNFCN/run1,/Users/tyler/GitHub Repositories/UT Austin/2024 Fall/CSML/Final-Project/EE-Estimation/models/CNNFCN/run1,20,20,False,True,True
0.41625728113412525,0.6451800377678507,0.9277975633927755,0.9632224890401883,0.08670543674938064,37.27272727272727,CNNFCNRegressor_conv3_fcn1_fcnw64_lr0.05_batch32_epochs100,1732769575,,True,12,2024-11-27_22-52-55,0.0002529621124267578,935.7941749095917,26912,Tylers-MacBook-Pro.local,127.0.0.1,935.7941749095917,12,"43_batch_size=32,fcn_width=64,learning_rate=0.0500,num_conv_layers=3,num_fcn_layers=1",0.05,32,100,<class '__main__.CNNFCNRegressor'>,3,1,64,/Users/tyler/GitHub Repositories/UT Austin/2024 Fall/CSML/Final-Project/EE-Estimation/logs/CNNFCN/run1,/Users/tyler/GitHub Repositories/UT Austin/2024 Fall/CSML/Final-Project/EE-Estimation/models/CNNFCN/run1,20,20,False,True,True
0.1546906291961748,0.3933072961390048,0.6783084056037937,0.8235948066882123,0.18409283468905302,32.36363636363637,CNNFCNRegressor_conv3_fcn1_fcnw32_lr0.01_batch16_epochs100,1732769603,,True,12,2024-11-27_22-53-23,0.00024509429931640625,929.8881704807281,27181,Tylers-MacBook-Pro.local,127.0.0.1,929.8881704807281,12,"44_batch_size=16,fcn_width=32,learning_rate=0.0100,num_conv_layers=3,num_fcn_layers=1",0.01,16,100,<class '__main__.CNNFCNRegressor'>,3,1,32,/Users/tyler/GitHub Repositories/UT Austin/2024 Fall/CSML/Final-Project/EE-Estimation/logs/CNNFCN/run1,/Users/tyler/GitHub Repositories/UT Austin/2024 Fall/CSML/Final-Project/EE-Estimation/models/CNNFCN/run1,20,20,False,True,True
0.14299400491352435,0.3781454811491529,0.7141577012866132,0.845078517823411,0.27154039089670956,33.0,CNNFCNRegressor_conv3_fcn1_fcnw32_lr0.01_batch32_epochs100,1732769521,,True,12,2024-11-27_22-52-01,0.0037851333618164062,821.8673408031464,27394,Tylers-MacBook-Pro.local,127.0.0.1,821.8673408031464,12,"45_batch_size=32,fcn_width=32,learning_rate=0.0100,num_conv_layers=3,num_fcn_layers=1",0.01,32,100,<class '__main__.CNNFCNRegressor'>,3,1,32,/Users/tyler/GitHub Repositories/UT Austin/2024 Fall/CSML/Final-Project/EE-Estimation/logs/CNNFCN/run1,/Users/tyler/GitHub Repositories/UT Austin/2024 Fall/CSML/Final-Project/EE-Estimation/models/CNNFCN/run1,20,20,False,True,True
0.15426507992965316,0.39276593529690573,0.5800420902692425,0.7616049437006318,0.43207263118222144,33.81818181818182,CNNFCNRegressor_conv3_fcn1_fcnw64_lr0.01_batch16_epochs100,1732769925,,True,12,2024-11-27_22-58-45,0.0002090930938720703,1085.5841608047485,28501,Tylers-MacBook-Pro.local,127.0.0.1,1085.5841608047485,12,"46_batch_size=16,fcn_width=64,learning_rate=0.0100,num_conv_layers=3,num_fcn_layers=1",0.01,16,100,<class '__main__.CNNFCNRegressor'>,3,1,64,/Users/tyler/GitHub Repositories/UT Austin/2024 Fall/CSML/Final-Project/EE-Estimation/logs/CNNFCN/run1,/Users/tyler/GitHub Repositories/UT Austin/2024 Fall/CSML/Final-Project/EE-Estimation/models/CNNFCN/run1,20,20,False,True,True
0.1542754293322292,0.3927791101016311,0.817071766533898,0.9039202213325566,0.11335088176691915,28.272727272727273,CNNFCNRegressor_conv3_fcn1_fcnw64_lr0.01_batch32_epochs100,1732769670,,True,12,2024-11-27_22-54-30,0.0001621246337890625,797.9326460361481,28754,Tylers-MacBook-Pro.local,127.0.0.1,797.9326460361481,12,"47_batch_size=32,fcn_width=64,learning_rate=0.0100,num_conv_layers=3,num_fcn_layers=1",0.01,32,100,<class '__main__.CNNFCNRegressor'>,3,1,64,/Users/tyler/GitHub Repositories/UT Austin/2024 Fall/CSML/Final-Project/EE-Estimation/logs/CNNFCN/run1,/Users/tyler/GitHub Repositories/UT Austin/2024 Fall/CSML/Final-Project/EE-Estimation/models/CNNFCN/run1,20,20,False,True,True
0.3058890612987572,0.5530723834171773,0.7201894018903624,0.8486397362192996,0.24281080730466578,36.81818181818182,CNNFCNRegressor_conv1_fcn2_fcnw32_lr0.005_batch16_epochs100,1732769256,,True,12,2024-11-27_22-47-36,0.0022089481353759766,301.45461106300354,29444,Tylers-MacBook-Pro.local,127.0.0.1,301.45461106300354,12,"48_batch_size=16,fcn_width=32,learning_rate=0.0050,num_conv_layers=1,num_fcn_layers=2",0.005,16,100,<class '__main__.CNNFCNRegressor'>,1,2,32,/Users/tyler/GitHub Repositories/UT Austin/2024 Fall/CSML/Final-Project/EE-Estimation/logs/CNNFCN/run1,/Users/tyler/GitHub Repositories/UT Austin/2024 Fall/CSML/Final-Project/EE-Estimation/models/CNNFCN/run1,20,20,False,True,True
0.30004293652166597,0.5477617516052631,0.7229034771015024,0.8502373063454123,0.3086198557706654,45.36363636363637,CNNFCNRegressor_conv1_fcn2_fcnw32_lr0.005_batch32_epochs100,1732769286,,True,12,2024-11-27_22-48-06,0.0032432079315185547,307.0727858543396,29649,Tylers-MacBook-Pro.local,127.0.0.1,307.0727858543396,12,"49_batch_size=32,fcn_width=32,learning_rate=0.0050,num_conv_layers=1,num_fcn_layers=2",0.005,32,100,<class '__main__.CNNFCNRegressor'>,1,2,32,/Users/tyler/GitHub Repositories/UT Austin/2024 Fall/CSML/Final-Project/EE-Estimation/logs/CNNFCN/run1,/Users/tyler/GitHub Repositories/UT Austin/2024 Fall/CSML/Final-Project/EE-Estimation/models/CNNFCN/run1,20,20,False,True,True
0.2551352950257455,0.5051091911911181,0.7370922301173043,0.8585407562354301,0.25910386279363695,39.18181818181818,CNNFCNRegressor_conv1_fcn2_fcnw64_lr0.005_batch16_epochs100,1732769570,,True,12,2024-11-27_22-52-50,0.0028238296508789062,346.2553641796112,31603,Tylers-MacBook-Pro.local,127.0.0.1,346.2553641796112,12,"50_batch_size=16,fcn_width=64,learning_rate=0.0050,num_conv_layers=1,num_fcn_layers=2",0.005,16,100,<class '__main__.CNNFCNRegressor'>,1,2,64,/Users/tyler/GitHub Repositories/UT Austin/2024 Fall/CSML/Final-Project/EE-Estimation/logs/CNNFCN/run1,/Users/tyler/GitHub Repositories/UT Austin/2024 Fall/CSML/Final-Project/EE-Estimation/models/CNNFCN/run1,20,20,False,True,True
0.2546600120555987,0.5046384964066839,0.7427721036636776,0.8618422730776657,0.2867090176067908,36.09090909090909,CNNFCNRegressor_conv1_fcn2_fcnw64_lr0.005_batch32_epochs100,1732769471,,True,12,2024-11-27_22-51-11,0.0018818378448486328,210.76050329208374,31911,Tylers-MacBook-Pro.local,127.0.0.1,210.76050329208374,12,"51_batch_size=32,fcn_width=64,learning_rate=0.0050,num_conv_layers=1,num_fcn_layers=2",0.005,32,100,<class '__main__.CNNFCNRegressor'>,1,2,64,/Users/tyler/GitHub Repositories/UT Austin/2024 Fall/CSML/Final-Project/EE-Estimation/logs/CNNFCN/run1,/Users/tyler/GitHub Repositories/UT Austin/2024 Fall/CSML/Final-Project/EE-Estimation/models/CNNFCN/run1,20,20,False,True,True
0.31773913639152973,0.5636835427715889,0.6381959411515404,0.7988716675108339,0.323289355465288,48.18181818181818,CNNFCNRegressor_conv1_fcn2_fcnw32_lr0.001_batch16_epochs100,1732769699,,True,12,2024-11-27_22-54-59,0.00030517578125,408.4447498321533,32146,Tylers-MacBook-Pro.local,127.0.0.1,408.4447498321533,12,"52_batch_size=16,fcn_width=32,learning_rate=0.0010,num_conv_layers=1,num_fcn_layers=2",0.001,16,100,<class '__main__.CNNFCNRegressor'>,1,2,32,/Users/tyler/GitHub Repositories/UT Austin/2024 Fall/CSML/Final-Project/EE-Estimation/logs/CNNFCN/run1,/Users/tyler/GitHub Repositories/UT Austin/2024 Fall/CSML/Final-Project/EE-Estimation/models/CNNFCN/run1,20,20,False,True,True
0.33191338780135404,0.5761192479004273,0.8778096804633125,0.9369149803815245,0.11780726852897917,38.27272727272727,CNNFCNRegressor_conv1_fcn2_fcnw32_lr0.001_batch32_epochs100,1732769734,,True,12,2024-11-27_22-55-34,0.0003368854522705078,257.29804253578186,33608,Tylers-MacBook-Pro.local,127.0.0.1,257.29804253578186,12,"53_batch_size=32,fcn_width=32,learning_rate=0.0010,num_conv_layers=1,num_fcn_layers=2",0.001,32,100,<class '__main__.CNNFCNRegressor'>,1,2,32,/Users/tyler/GitHub Repositories/UT Austin/2024 Fall/CSML/Final-Project/EE-Estimation/logs/CNNFCN/run1,/Users/tyler/GitHub Repositories/UT Austin/2024 Fall/CSML/Final-Project/EE-Estimation/models/CNNFCN/run1,20,20,False,True,True
0.2704786195094079,0.520075590188011,0.8136251612769162,0.9020117301215745,0.08075573755005742,40.0,CNNFCNRegressor_conv1_fcn2_fcnw64_lr0.001_batch16_epochs100,1732769824,,True,12,2024-11-27_22-57-04,0.002759218215942383,315.2820920944214,33867,Tylers-MacBook-Pro.local,127.0.0.1,315.2820920944214,12,"54_batch_size=16,fcn_width=64,learning_rate=0.0010,num_conv_layers=1,num_fcn_layers=2",0.001,16,100,<class '__main__.CNNFCNRegressor'>,1,2,64,/Users/tyler/GitHub Repositories/UT Austin/2024 Fall/CSML/Final-Project/EE-Estimation/logs/CNNFCN/run1,/Users/tyler/GitHub Repositories/UT Austin/2024 Fall/CSML/Final-Project/EE-Estimation/models/CNNFCN/run1,20,20,False,True,True
0.2590965769125944,0.5090153012558605,0.7159841761422588,0.8461584816937421,0.23537800615274354,48.90909090909091,CNNFCNRegressor_conv1_fcn2_fcnw64_lr0.001_batch32_epochs100,1732769805,,True,12,2024-11-27_22-56-45,0.0024580955505371094,280.3954315185547,33999,Tylers-MacBook-Pro.local,127.0.0.1,280.3954315185547,12,"55_batch_size=32,fcn_width=64,learning_rate=0.0010,num_conv_layers=1,num_fcn_layers=2",0.001,32,100,<class '__main__.CNNFCNRegressor'>,1,2,64,/Users/tyler/GitHub Repositories/UT Austin/2024 Fall/CSML/Final-Project/EE-Estimation/logs/CNNFCN/run1,/Users/tyler/GitHub Repositories/UT Austin/2024 Fall/CSML/Final-Project/EE-Estimation/models/CNNFCN/run1,20,20,False,True,True
0.7038746071135401,0.8389723518171145,0.7845254329905926,0.8857344031878815,0.24713141160782576,38.54545454545455,CNNFCNRegressor_conv1_fcn2_fcnw32_lr0.05_batch16_epochs100,1732769883,,True,12,2024-11-27_22-58-03,0.0006501674652099609,308.5773103237152,34401,Tylers-MacBook-Pro.local,127.0.0.1,308.5773103237152,12,"56_batch_size=16,fcn_width=32,learning_rate=0.0500,num_conv_layers=1,num_fcn_layers=2",0.05,16,100,<class '__main__.CNNFCNRegressor'>,1,2,32,/Users/tyler/GitHub Repositories/UT Austin/2024 Fall/CSML/Final-Project/EE-Estimation/logs/CNNFCN/run1,/Users/tyler/GitHub Repositories/UT Austin/2024 Fall/CSML/Final-Project/EE-Estimation/models/CNNFCN/run1,20,20,False,True,True
0.5435487222250072,0.7372575684419979,0.7664594942893966,0.8754767240134923,0.25769511153553426,42.36363636363637,CNNFCNRegressor_conv1_fcn2_fcnw32_lr0.05_batch32_epochs100,1732769827,,True,12,2024-11-27_22-57-07,0.0005469322204589844,248.46323347091675,34441,Tylers-MacBook-Pro.local,127.0.0.1,248.46323347091675,12,"57_batch_size=32,fcn_width=32,learning_rate=0.0500,num_conv_layers=1,num_fcn_layers=2",0.05,32,100,<class '__main__.CNNFCNRegressor'>,1,2,32,/Users/tyler/GitHub Repositories/UT Austin/2024 Fall/CSML/Final-Project/EE-Estimation/logs/CNNFCN/run1,/Users/tyler/GitHub Repositories/UT Austin/2024 Fall/CSML/Final-Project/EE-Estimation/models/CNNFCN/run1,20,20,False,True,True
0.6939301863565192,0.8330247213357591,0.7608461992007406,0.8722649822162647,0.2746561337263978,37.18181818181818,CNNFCNRegressor_conv1_fcn2_fcnw64_lr0.05_batch16_epochs100,1732769842,,True,12,2024-11-27_22-57-22,0.003063678741455078,235.14052605628967,34665,Tylers-MacBook-Pro.local,127.0.0.1,235.14052605628967,12,"58_batch_size=16,fcn_width=64,learning_rate=0.0500,num_conv_layers=1,num_fcn_layers=2",0.05,16,100,<class '__main__.CNNFCNRegressor'>,1,2,64,/Users/tyler/GitHub Repositories/UT Austin/2024 Fall/CSML/Final-Project/EE-Estimation/logs/CNNFCN/run1,/Users/tyler/GitHub Repositories/UT Austin/2024 Fall/CSML/Final-Project/EE-Estimation/models/CNNFCN/run1,20,20,False,True,True
0.5313799578157314,0.7289581317303014,0.6586083275540051,0.8115468732944543,0.3815005031228745,39.90909090909091,CNNFCNRegressor_conv1_fcn2_fcnw64_lr0.05_batch32_epochs100,1732769862,,True,12,2024-11-27_22-57-42,0.0014510154724121094,207.90761256217957,35132,Tylers-MacBook-Pro.local,127.0.0.1,207.90761256217957,12,"59_batch_size=32,fcn_width=64,learning_rate=0.0500,num_conv_layers=1,num_fcn_layers=2",0.05,32,100,<class '__main__.CNNFCNRegressor'>,1,2,64,/Users/tyler/GitHub Repositories/UT Austin/2024 Fall/CSML/Final-Project/EE-Estimation/logs/CNNFCN/run1,/Users/tyler/GitHub Repositories/UT Austin/2024 Fall/CSML/Final-Project/EE-Estimation/models/CNNFCN/run1,20,20,False,True,True
0.33042351290235533,0.5748247671267787,0.6472799207042846,0.804537084729029,0.40488441371396744,40.81818181818182,CNNFCNRegressor_conv1_fcn2_fcnw32_lr0.01_batch16_epochs100,1732769990,,True,12,2024-11-27_22-59-50,0.0004470348358154297,315.9232540130615,35286,Tylers-MacBook-Pro.local,127.0.0.1,315.9232540130615,12,"60_batch_size=16,fcn_width=32,learning_rate=0.0100,num_conv_layers=1,num_fcn_layers=2",0.01,16,100,<class '__main__.CNNFCNRegressor'>,1,2,32,/Users/tyler/GitHub Repositories/UT Austin/2024 Fall/CSML/Final-Project/EE-Estimation/logs/CNNFCN/run1,/Users/tyler/GitHub Repositories/UT Austin/2024 Fall/CSML/Final-Project/EE-Estimation/models/CNNFCN/run1,20,20,False,True,True
0.31968942035029463,0.5654108420876758,0.6971642046809626,0.834963594823728,0.30872239704575394,34.54545454545455,CNNFCNRegressor_conv1_fcn2_fcnw32_lr0.01_batch32_epochs100,1732769932,,True,12,2024-11-27_22-58-52,0.0012941360473632812,228.18368697166443,35522,Tylers-MacBook-Pro.local,127.0.0.1,228.18368697166443,12,"61_batch_size=32,fcn_width=32,learning_rate=0.0100,num_conv_layers=1,num_fcn_layers=2",0.01,32,100,<class '__main__.CNNFCNRegressor'>,1,2,32,/Users/tyler/GitHub Repositories/UT Austin/2024 Fall/CSML/Final-Project/EE-Estimation/logs/CNNFCN/run1,/Users/tyler/GitHub Repositories/UT Austin/2024 Fall/CSML/Final-Project/EE-Estimation/models/CNNFCN/run1,20,20,False,True,True
0.29404833989811435,0.5422622427369569,0.7714695108412538,0.8783333711303777,0.289554255011416,40.27272727272727,CNNFCNRegressor_conv1_fcn2_fcnw64_lr0.01_batch16_epochs100,1732770084,,True,12,2024-11-27_23-01-24,0.0006260871887207031,344.95920515060425,35803,Tylers-MacBook-Pro.local,127.0.0.1,344.95920515060425,12,"62_batch_size=16,fcn_width=64,learning_rate=0.0100,num_conv_layers=1,num_fcn_layers=2",0.01,16,100,<class '__main__.CNNFCNRegressor'>,1,2,64,/Users/tyler/GitHub Repositories/UT Austin/2024 Fall/CSML/Final-Project/EE-Estimation/logs/CNNFCN/run1,/Users/tyler/GitHub Repositories/UT Austin/2024 Fall/CSML/Final-Project/EE-Estimation/models/CNNFCN/run1,20,20,False,True,True
0.26990738139775783,0.5195261123348448,0.9262602971428062,0.962424177347393,0.17361238483634364,34.45454545454545,CNNFCNRegressor_conv1_fcn2_fcnw64_lr0.01_batch32_epochs100,1732770037,,True,12,2024-11-27_23-00-37,0.008343935012817383,227.28951025009155,36352,Tylers-MacBook-Pro.local,127.0.0.1,227.28951025009155,12,"63_batch_size=32,fcn_width=64,learning_rate=0.0100,num_conv_layers=1,num_fcn_layers=2",0.01,32,100,<class '__main__.CNNFCNRegressor'>,1,2,64,/Users/tyler/GitHub Repositories/UT Austin/2024 Fall/CSML/Final-Project/EE-Estimation/logs/CNNFCN/run1,/Users/tyler/GitHub Repositories/UT Austin/2024 Fall/CSML/Final-Project/EE-Estimation/models/CNNFCN/run1,20,20,False,True,True
0.24273451448067868,0.49268094592817235,0.6706086873053198,0.8189070077275684,0.37231987248317,32.0,CNNFCNRegressor_conv2_fcn2_fcnw32_lr0.005_batch16_epochs100,1732770315,,True,12,2024-11-27_23-05-15,0.003801107406616211,485.6009998321533,36507,Tylers-MacBook-Pro.local,127.0.0.1,485.6009998321533,12,"64_batch_size=16,fcn_width=32,learning_rate=0.0050,num_conv_layers=2,num_fcn_layers=2",0.005,16,100,<class '__main__.CNNFCNRegressor'>,2,2,32,/Users/tyler/GitHub Repositories/UT Austin/2024 Fall/CSML/Final-Project/EE-Estimation/logs/CNNFCN/run1,/Users/tyler/GitHub Repositories/UT Austin/2024 Fall/CSML/Final-Project/EE-Estimation/models/CNNFCN/run1,20,20,False,True,True
0.2468691037757198,0.49685923939856425,0.6686559407604418,0.8177138501703648,0.34768608023321895,30.363636363636363,CNNFCNRegressor_conv2_fcn2_fcnw32_lr0.005_batch32_epochs100,1732770252,,True,12,2024-11-27_23-04-12,0.0006048679351806641,419.9909222126007,36544,Tylers-MacBook-Pro.local,127.0.0.1,419.9909222126007,12,"65_batch_size=32,fcn_width=32,learning_rate=0.0050,num_conv_layers=2,num_fcn_layers=2",0.005,32,100,<class '__main__.CNNFCNRegressor'>,2,2,32,/Users/tyler/GitHub Repositories/UT Austin/2024 Fall/CSML/Final-Project/EE-Estimation/logs/CNNFCN/run1,/Users/tyler/GitHub Repositories/UT Austin/2024 Fall/CSML/Final-Project/EE-Estimation/models/CNNFCN/run1,20,20,False,True,True
0.20644747496678842,0.45436491388177014,0.8344537748336044,0.9134844141164119,-0.013839769231060369,29.454545454545453,CNNFCNRegressor_conv2_fcn2_fcnw64_lr0.005_batch16_epochs100,1732770294,,True,12,2024-11-27_23-04-54,0.0009558200836181641,447.6908814907074,36662,Tylers-MacBook-Pro.local,127.0.0.1,447.6908814907074,12,"66_batch_size=16,fcn_width=64,learning_rate=0.0050,num_conv_layers=2,num_fcn_layers=2",0.005,16,100,<class '__main__.CNNFCNRegressor'>,2,2,64,/Users/tyler/GitHub Repositories/UT Austin/2024 Fall/CSML/Final-Project/EE-Estimation/logs/CNNFCN/run1,/Users/tyler/GitHub Repositories/UT Austin/2024 Fall/CSML/Final-Project/EE-Estimation/models/CNNFCN/run1,20,20,False,True,True
0.2049205826764685,0.45268154664893123,0.7843875555828852,0.8856565675152447,0.1379975697798107,29.818181818181817,CNNFCNRegressor_conv2_fcn2_fcnw64_lr0.005_batch32_epochs100,1732770312,,True,12,2024-11-27_23-05-12,0.00029969215393066406,445.62161016464233,36819,Tylers-MacBook-Pro.local,127.0.0.1,445.62161016464233,12,"67_batch_size=32,fcn_width=64,learning_rate=0.0050,num_conv_layers=2,num_fcn_layers=2",0.005,32,100,<class '__main__.CNNFCNRegressor'>,2,2,64,/Users/tyler/GitHub Repositories/UT Austin/2024 Fall/CSML/Final-Project/EE-Estimation/logs/CNNFCN/run1,/Users/tyler/GitHub Repositories/UT Austin/2024 Fall/CSML/Final-Project/EE-Estimation/models/CNNFCN/run1,20,20,False,True,True
0.24492942348452748,0.4949034486488526,0.709139780422035,0.8421043762040635,0.31644376721247186,30.272727272727273,CNNFCNRegressor_conv2_fcn2_fcnw32_lr0.001_batch16_epochs100,1732770358,,True,12,2024-11-27_23-05-58,0.0022819042205810547,470.63302087783813,36984,Tylers-MacBook-Pro.local,127.0.0.1,470.63302087783813,12,"68_batch_size=16,fcn_width=32,learning_rate=0.0010,num_conv_layers=2,num_fcn_layers=2",0.001,16,100,<class '__main__.CNNFCNRegressor'>,2,2,32,/Users/tyler/GitHub Repositories/UT Austin/2024 Fall/CSML/Final-Project/EE-Estimation/logs/CNNFCN/run1,/Users/tyler/GitHub Repositories/UT Austin/2024 Fall/CSML/Final-Project/EE-Estimation/models/CNNFCN/run1,20,20,False,True,True
0.24975085584552825,0.4997507937417691,0.6950749930241075,0.8337115766403316,0.3166069160394613,33.27272727272727,CNNFCNRegressor_conv2_fcn2_fcnw32_lr0.001_batch32_epochs100,1732770395,,True,12,2024-11-27_23-06-35,0.007235050201416016,464.6364116668701,37324,Tylers-MacBook-Pro.local,127.0.0.1,464.6364116668701,12,"69_batch_size=32,fcn_width=32,learning_rate=0.0010,num_conv_layers=2,num_fcn_layers=2",0.001,32,100,<class '__main__.CNNFCNRegressor'>,2,2,32,/Users/tyler/GitHub Repositories/UT Austin/2024 Fall/CSML/Final-Project/EE-Estimation/logs/CNNFCN/run1,/Users/tyler/GitHub Repositories/UT Austin/2024 Fall/CSML/Final-Project/EE-Estimation/models/CNNFCN/run1,20,20,False,True,True
0.209498242982637,0.4577097803003963,0.7671092904907865,0.8758477553152639,0.18003620049077204,27.545454545454547,CNNFCNRegressor_conv2_fcn2_fcnw64_lr0.001_batch16_epochs100,1732770439,,True,12,2024-11-27_23-07-19,0.004439830780029297,502.86861276626587,37374,Tylers-MacBook-Pro.local,127.0.0.1,502.86861276626587,12,"70_batch_size=16,fcn_width=64,learning_rate=0.0010,num_conv_layers=2,num_fcn_layers=2",0.001,16,100,<class '__main__.CNNFCNRegressor'>,2,2,64,/Users/tyler/GitHub Repositories/UT Austin/2024 Fall/CSML/Final-Project/EE-Estimation/logs/CNNFCN/run1,/Users/tyler/GitHub Repositories/UT Austin/2024 Fall/CSML/Final-Project/EE-Estimation/models/CNNFCN/run1,20,20,False,True,True
0.2164185764060823,0.4652081001079864,0.5847252862379999,0.7646733199464985,0.43944640193188084,28.90909090909091,CNNFCNRegressor_conv2_fcn2_fcnw64_lr0.001_batch32_epochs100,1732770401,,True,12,2024-11-27_23-06-41,0.0005731582641601562,406.27825927734375,37820,Tylers-MacBook-Pro.local,127.0.0.1,406.27825927734375,12,"71_batch_size=32,fcn_width=64,learning_rate=0.0010,num_conv_layers=2,num_fcn_layers=2",0.001,32,100,<class '__main__.CNNFCNRegressor'>,2,2,64,/Users/tyler/GitHub Repositories/UT Austin/2024 Fall/CSML/Final-Project/EE-Estimation/logs/CNNFCN/run1,/Users/tyler/GitHub Repositories/UT Austin/2024 Fall/CSML/Final-Project/EE-Estimation/models/CNNFCN/run1,20,20,False,True,True
0.8261450656138943,0.9089252255350241,1.412242727650353,1.1883781921805672,-0.15925768150561942,33.36363636363637,CNNFCNRegressor_conv2_fcn2_fcnw32_lr0.05_batch16_epochs100,1732770569,,True,12,2024-11-27_23-09-29,0.00026917457580566406,527.1659426689148,38237,Tylers-MacBook-Pro.local,127.0.0.1,527.1659426689148,12,"72_batch_size=16,fcn_width=32,learning_rate=0.0500,num_conv_layers=2,num_fcn_layers=2",0.05,16,100,<class '__main__.CNNFCNRegressor'>,2,2,32,/Users/tyler/GitHub Repositories/UT Austin/2024 Fall/CSML/Final-Project/EE-Estimation/logs/CNNFCN/run1,/Users/tyler/GitHub Repositories/UT Austin/2024 Fall/CSML/Final-Project/EE-Estimation/models/CNNFCN/run1,20,20,False,True,True
0.5347456461040949,0.7312630485017652,0.7531031008408523,0.8678151305669038,0.2991522243178845,40.27272727272727,CNNFCNRegressor_conv2_fcn2_fcnw32_lr0.05_batch32_epochs100,1732770756,,True,12,2024-11-27_23-12-36,0.0016398429870605469,666.5352401733398,38607,Tylers-MacBook-Pro.local,127.0.0.1,666.5352401733398,12,"73_batch_size=32,fcn_width=32,learning_rate=0.0500,num_conv_layers=2,num_fcn_layers=2",0.05,32,100,<class '__main__.CNNFCNRegressor'>,2,2,32,/Users/tyler/GitHub Repositories/UT Austin/2024 Fall/CSML/Final-Project/EE-Estimation/logs/CNNFCN/run1,/Users/tyler/GitHub Repositories/UT Austin/2024 Fall/CSML/Final-Project/EE-Estimation/models/CNNFCN/run1,20,20,False,True,True
0.7170673632429735,0.8467983013935334,0.7314911231509267,0.8552725431994919,0.36260483080754424,36.63636363636363,CNNFCNRegressor_conv2_fcn2_fcnw64_lr0.05_batch16_epochs100,1732770935,,True,12,2024-11-27_23-15-35,0.001965761184692383,677.7441003322601,39967,Tylers-MacBook-Pro.local,127.0.0.1,677.7441003322601,12,"74_batch_size=16,fcn_width=64,learning_rate=0.0500,num_conv_layers=2,num_fcn_layers=2",0.05,16,100,<class '__main__.CNNFCNRegressor'>,2,2,64,/Users/tyler/GitHub Repositories/UT Austin/2024 Fall/CSML/Final-Project/EE-Estimation/logs/CNNFCN/run1,/Users/tyler/GitHub Repositories/UT Austin/2024 Fall/CSML/Final-Project/EE-Estimation/models/CNNFCN/run1,20,20,False,True,True
0.531315025104871,0.7289135923447106,0.6736531779987245,0.8207637772213906,0.3405462411099839,37.36363636363637,CNNFCNRegressor_conv2_fcn2_fcnw64_lr0.05_batch32_epochs100,1732770829,,True,12,2024-11-27_23-13-49,0.0006010532379150391,529.3149242401123,40297,Tylers-MacBook-Pro.local,127.0.0.1,529.3149242401123,12,"75_batch_size=32,fcn_width=64,learning_rate=0.0500,num_conv_layers=2,num_fcn_layers=2",0.05,32,100,<class '__main__.CNNFCNRegressor'>,2,2,64,/Users/tyler/GitHub Repositories/UT Austin/2024 Fall/CSML/Final-Project/EE-Estimation/logs/CNNFCN/run1,/Users/tyler/GitHub Repositories/UT Austin/2024 Fall/CSML/Final-Project/EE-Estimation/models/CNNFCN/run1,20,20,False,True,True
0.28605250920354297,0.5348387693534781,0.7356898796148698,0.8577236615687303,0.11439552523321948,31.90909090909091,CNNFCNRegressor_conv2_fcn2_fcnw32_lr0.01_batch16_epochs100,1732770839,,True,12,2024-11-27_23-13-59,0.001132965087890625,520.7112083435059,40451,Tylers-MacBook-Pro.local,127.0.0.1,520.7112083435059,12,"76_batch_size=16,fcn_width=32,learning_rate=0.0100,num_conv_layers=2,num_fcn_layers=2",0.01,16,100,<class '__main__.CNNFCNRegressor'>,2,2,32,/Users/tyler/GitHub Repositories/UT Austin/2024 Fall/CSML/Final-Project/EE-Estimation/logs/CNNFCN/run1,/Users/tyler/GitHub Repositories/UT Austin/2024 Fall/CSML/Final-Project/EE-Estimation/models/CNNFCN/run1,20,20,False,True,True
0.26991490232791754,0.5195333505444261,0.8369852603306787,0.9148689853365227,0.17085844488816584,37.36363636363637,CNNFCNRegressor_conv2_fcn2_fcnw32_lr0.01_batch32_epochs100,1732770877,,True,12,2024-11-27_23-14-37,0.0006089210510253906,557.4435575008392,40452,Tylers-MacBook-Pro.local,127.0.0.1,557.4435575008392,12,"77_batch_size=32,fcn_width=32,learning_rate=0.0100,num_conv_layers=2,num_fcn_layers=2",0.01,32,100,<class '__main__.CNNFCNRegressor'>,2,2,32,/Users/tyler/GitHub Repositories/UT Austin/2024 Fall/CSML/Final-Project/EE-Estimation/logs/CNNFCN/run1,/Users/tyler/GitHub Repositories/UT Austin/2024 Fall/CSML/Final-Project/EE-Estimation/models/CNNFCN/run1,20,20,False,True,True
0.2618021239670934,0.5116660277633189,0.8142980200334663,0.9023846297635317,0.17616426985165776,26.181818181818183,CNNFCNRegressor_conv2_fcn2_fcnw64_lr0.01_batch16_epochs100,1732770784,,True,12,2024-11-27_23-13-04,0.0005571842193603516,420.91553950309753,40809,Tylers-MacBook-Pro.local,127.0.0.1,420.91553950309753,12,"78_batch_size=16,fcn_width=64,learning_rate=0.0100,num_conv_layers=2,num_fcn_layers=2",0.01,16,100,<class '__main__.CNNFCNRegressor'>,2,2,64,/Users/tyler/GitHub Repositories/UT Austin/2024 Fall/CSML/Final-Project/EE-Estimation/logs/CNNFCN/run1,/Users/tyler/GitHub Repositories/UT Austin/2024 Fall/CSML/Final-Project/EE-Estimation/models/CNNFCN/run1,20,20,False,True,True
0.22730076785006245,0.4767607029213528,0.8124447890072987,0.9013571927972277,0.1086547376651754,34.36363636363637,CNNFCNRegressor_conv2_fcn2_fcnw64_lr0.01_batch32_epochs100,1732770914,,True,12,2024-11-27_23-15-14,0.0006148815155029297,513.8892228603363,41090,Tylers-MacBook-Pro.local,127.0.0.1,513.8892228603363,12,"79_batch_size=32,fcn_width=64,learning_rate=0.0100,num_conv_layers=2,num_fcn_layers=2",0.01,32,100,<class '__main__.CNNFCNRegressor'>,2,2,64,/Users/tyler/GitHub Repositories/UT Austin/2024 Fall/CSML/Final-Project/EE-Estimation/logs/CNNFCN/run1,/Users/tyler/GitHub Repositories/UT Austin/2024 Fall/CSML/Final-Project/EE-Estimation/models/CNNFCN/run1,20,20,False,True,True
0.23439638996967832,0.4841450092376026,0.6595314583088577,0.8121154217898203,0.36984983612030303,29.545454545454547,CNNFCNRegressor_conv3_fcn2_fcnw32_lr0.005_batch16_epochs100,1732771371,,True,12,2024-11-27_23-22-51,0.0018138885498046875,965.3422055244446,41139,Tylers-MacBook-Pro.local,127.0.0.1,965.3422055244446,12,"80_batch_size=16,fcn_width=32,learning_rate=0.0050,num_conv_layers=3,num_fcn_layers=2",0.005,16,100,<class '__main__.CNNFCNRegressor'>,3,2,32,/Users/tyler/GitHub Repositories/UT Austin/2024 Fall/CSML/Final-Project/EE-Estimation/logs/CNNFCN/run1,/Users/tyler/GitHub Repositories/UT Austin/2024 Fall/CSML/Final-Project/EE-Estimation/models/CNNFCN/run1,20,20,False,True,True
0.2245385998484486,0.4738550409655347,0.7158868360309592,0.8461009608970782,0.3570340018124139,31.727272727272727,CNNFCNRegressor_conv3_fcn2_fcnw32_lr0.005_batch32_epochs100,1732771424,,True,12,2024-11-27_23-23-44,0.0005750656127929688,979.5441627502441,41446,Tylers-MacBook-Pro.local,127.0.0.1,979.5441627502441,12,"81_batch_size=32,fcn_width=32,learning_rate=0.0050,num_conv_layers=3,num_fcn_layers=2",0.005,32,100,<class '__main__.CNNFCNRegressor'>,3,2,32,/Users/tyler/GitHub Repositories/UT Austin/2024 Fall/CSML/Final-Project/EE-Estimation/logs/CNNFCN/run1,/Users/tyler/GitHub Repositories/UT Austin/2024 Fall/CSML/Final-Project/EE-Estimation/models/CNNFCN/run1,20,20,False,True,True
0.18685941292111988,0.43227238278788976,0.7697964668126004,0.8773804572775714,0.18251704381063363,32.81818181818182,CNNFCNRegressor_conv3_fcn2_fcnw64_lr0.005_batch16_epochs100,1732771585,,True,12,2024-11-27_23-26-25,0.0008897781372070312,1010.4971258640289,42461,Tylers-MacBook-Pro.local,127.0.0.1,1010.4971258640289,12,"82_batch_size=16,fcn_width=64,learning_rate=0.0050,num_conv_layers=3,num_fcn_layers=2",0.005,16,100,<class '__main__.CNNFCNRegressor'>,3,2,64,/Users/tyler/GitHub Repositories/UT Austin/2024 Fall/CSML/Final-Project/EE-Estimation/logs/CNNFCN/run1,/Users/tyler/GitHub Repositories/UT Austin/2024 Fall/CSML/Final-Project/EE-Estimation/models/CNNFCN/run1,20,20,False,True,True
0.17254269398671446,0.41538258748618057,0.8161941295260892,0.9034346293595842,-0.004749144302343119,32.81818181818182,CNNFCNRegressor_conv3_fcn2_fcnw64_lr0.005_batch32_epochs100,1732771693,,True,12,2024-11-27_23-28-13,0.000408172607421875,930.8409795761108,43919,Tylers-MacBook-Pro.local,127.0.0.1,930.8409795761108,12,"83_batch_size=32,fcn_width=64,learning_rate=0.0050,num_conv_layers=3,num_fcn_layers=2",0.005,32,100,<class '__main__.CNNFCNRegressor'>,3,2,64,/Users/tyler/GitHub Repositories/UT Austin/2024 Fall/CSML/Final-Project/EE-Estimation/logs/CNNFCN/run1,/Users/tyler/GitHub Repositories/UT Austin/2024 Fall/CSML/Final-Project/EE-Estimation/models/CNNFCN/run1,20,20,False,True,True
0.22343089648758319,0.47268477496909417,0.7539054391862688,0.8682772824312915,0.194216900492542,25.454545454545453,CNNFCNRegressor_conv3_fcn2_fcnw32_lr0.001_batch16_epochs100,1732771583,,True,12,2024-11-27_23-26-23,0.0003387928009033203,794.5002834796906,44139,Tylers-MacBook-Pro.local,127.0.0.1,794.5002834796906,12,"84_batch_size=16,fcn_width=32,learning_rate=0.0010,num_conv_layers=3,num_fcn_layers=2",0.001,16,100,<class '__main__.CNNFCNRegressor'>,3,2,32,/Users/tyler/GitHub Repositories/UT Austin/2024 Fall/CSML/Final-Project/EE-Estimation/logs/CNNFCN/run1,/Users/tyler/GitHub Repositories/UT Austin/2024 Fall/CSML/Final-Project/EE-Estimation/models/CNNFCN/run1,20,20,False,True,True
0.22959240068899778,0.47915801223500143,0.6294460299219551,0.7933763482244446,0.4054278744990148,30.09090909090909,CNNFCNRegressor_conv3_fcn2_fcnw32_lr0.001_batch32_epochs100,1732771698,,True,12,2024-11-27_23-28-18,0.0009291172027587891,863.6443877220154,44524,Tylers-MacBook-Pro.local,127.0.0.1,863.6443877220154,12,"85_batch_size=32,fcn_width=32,learning_rate=0.0010,num_conv_layers=3,num_fcn_layers=2",0.001,32,100,<class '__main__.CNNFCNRegressor'>,3,2,32,/Users/tyler/GitHub Repositories/UT Austin/2024 Fall/CSML/Final-Project/EE-Estimation/logs/CNNFCN/run1,/Users/tyler/GitHub Repositories/UT Austin/2024 Fall/CSML/Final-Project/EE-Estimation/models/CNNFCN/run1,20,20,False,True,True
0.18061770612086694,0.42499141887909564,0.7366798429557986,0.858300555141262,0.25500940512399556,26.181818181818183,CNNFCNRegressor_conv3_fcn2_fcnw64_lr0.001_batch16_epochs100,1732771683,,True,12,2024-11-27_23-28-03,0.00040602684020996094,838.8232564926147,44636,Tylers-MacBook-Pro.local,127.0.0.1,838.8232564926147,12,"86_batch_size=16,fcn_width=64,learning_rate=0.0010,num_conv_layers=3,num_fcn_layers=2",0.001,16,100,<class '__main__.CNNFCNRegressor'>,3,2,64,/Users/tyler/GitHub Repositories/UT Austin/2024 Fall/CSML/Final-Project/EE-Estimation/logs/CNNFCN/run1,/Users/tyler/GitHub Repositories/UT Austin/2024 Fall/CSML/Final-Project/EE-Estimation/models/CNNFCN/run1,20,20,False,True,True
0.18889103862474094,0.43461596683134057,0.7636451795233011,0.873867941695598,0.2312108852404489,26.0,CNNFCNRegressor_conv3_fcn2_fcnw64_lr0.001_batch32_epochs100,1732771707,,True,12,2024-11-27_23-28-27,0.0012691020965576172,824.6113133430481,44934,Tylers-MacBook-Pro.local,127.0.0.1,824.6113133430481,12,"87_batch_size=32,fcn_width=64,learning_rate=0.0010,num_conv_layers=3,num_fcn_layers=2",0.001,32,100,<class '__main__.CNNFCNRegressor'>,3,2,64,/Users/tyler/GitHub Repositories/UT Austin/2024 Fall/CSML/Final-Project/EE-Estimation/logs/CNNFCN/run1,/Users/tyler/GitHub Repositories/UT Austin/2024 Fall/CSML/Final-Project/EE-Estimation/models/CNNFCN/run1,20,20,False,True,True
1.091136116780087,1.0445746104420148,1.1131463337403853,1.0550575025752793,0.022430419848081595,41.0,CNNFCNRegressor_conv3_fcn2_fcnw32_lr0.05_batch16_epochs100,1732772242,,True,12,2024-11-27_23-37-22,0.0004658699035644531,1322.776650428772,45240,Tylers-MacBook-Pro.local,127.0.0.1,1322.776650428772,12,"88_batch_size=16,fcn_width=32,learning_rate=0.0500,num_conv_layers=3,num_fcn_layers=2",0.05,16,100,<class '__main__.CNNFCNRegressor'>,3,2,32,/Users/tyler/GitHub Repositories/UT Austin/2024 Fall/CSML/Final-Project/EE-Estimation/logs/CNNFCN/run1,/Users/tyler/GitHub Repositories/UT Austin/2024 Fall/CSML/Final-Project/EE-Estimation/models/CNNFCN/run1,20,20,False,True,True
0.788706962577655,0.8880917534678807,0.9149737867416925,0.9565426214977002,0.18102988368016962,34.27272727272727,CNNFCNRegressor_conv3_fcn2_fcnw32_lr0.05_batch32_epochs100,1732771919,,True,12,2024-11-27_23-31-59,0.0008280277252197266,979.1237919330597,45401,Tylers-MacBook-Pro.local,127.0.0.1,979.1237919330597,12,"89_batch_size=32,fcn_width=32,learning_rate=0.0500,num_conv_layers=3,num_fcn_layers=2",0.05,32,100,<class '__main__.CNNFCNRegressor'>,3,2,32,/Users/tyler/GitHub Repositories/UT Austin/2024 Fall/CSML/Final-Project/EE-Estimation/logs/CNNFCN/run1,/Users/tyler/GitHub Repositories/UT Austin/2024 Fall/CSML/Final-Project/EE-Estimation/models/CNNFCN/run1,20,20,False,True,True
1.116071821027331,1.0564430041546637,1.1422852151264322,1.068777439472986,-0.08126270844884266,29.181818181818183,CNNFCNRegressor_conv3_fcn2_fcnw64_lr0.05_batch16_epochs100,1732772271,,True,12,2024-11-27_23-37-51,0.005835056304931641,894.5029366016388,48823,Tylers-MacBook-Pro.local,127.0.0.1,894.5029366016388,12,"90_batch_size=16,fcn_width=64,learning_rate=0.0500,num_conv_layers=3,num_fcn_layers=2",0.05,16,100,<class '__main__.CNNFCNRegressor'>,3,2,64,/Users/tyler/GitHub Repositories/UT Austin/2024 Fall/CSML/Final-Project/EE-Estimation/logs/CNNFCN/run1,/Users/tyler/GitHub Repositories/UT Austin/2024 Fall/CSML/Final-Project/EE-Estimation/models/CNNFCN/run1,20,20,False,True,True
0.886941752079992,0.9417758502318861,3.5885668025107322,1.8943512880431477,-1.5754541189291282,38.0,CNNFCNRegressor_conv3_fcn2_fcnw64_lr0.05_batch32_epochs100,1732772511,,True,12,2024-11-27_23-41-51,0.004194974899291992,1080.8819160461426,49270,Tylers-MacBook-Pro.local,127.0.0.1,1080.8819160461426,12,"91_batch_size=32,fcn_width=64,learning_rate=0.0500,num_conv_layers=3,num_fcn_layers=2",0.05,32,100,<class '__main__.CNNFCNRegressor'>,3,2,64,/Users/tyler/GitHub Repositories/UT Austin/2024 Fall/CSML/Final-Project/EE-Estimation/logs/CNNFCN/run1,/Users/tyler/GitHub Repositories/UT Austin/2024 Fall/CSML/Final-Project/EE-Estimation/models/CNNFCN/run1,20,20,False,True,True
0.2848117940854856,0.5336776125016728,0.561869862346236,0.7495797905134823,0.488601382474674,33.54545454545455,CNNFCNRegressor_conv3_fcn2_fcnw32_lr0.01_batch16_epochs100,1732772599,,True,12,2024-11-27_23-43-19,0.00029587745666503906,1009.9692146778107,50607,Tylers-MacBook-Pro.local,127.0.0.1,1009.9692146778107,12,"92_batch_size=16,fcn_width=32,learning_rate=0.0100,num_conv_layers=3,num_fcn_layers=2",0.01,16,100,<class '__main__.CNNFCNRegressor'>,3,2,32,/Users/tyler/GitHub Repositories/UT Austin/2024 Fall/CSML/Final-Project/EE-Estimation/logs/CNNFCN/run1,/Users/tyler/GitHub Repositories/UT Austin/2024 Fall/CSML/Final-Project/EE-Estimation/models/CNNFCN/run1,20,20,False,True,True
0.2588373706791673,0.5087606221782178,0.595121121169002,0.7714409382246977,0.45686652233987035,30.545454545454547,CNNFCNRegressor_conv3_fcn2_fcnw32_lr0.01_batch32_epochs100,1732772451,,True,12,2024-11-27_23-40-51,0.0009407997131347656,860.8768384456635,50626,Tylers-MacBook-Pro.local,127.0.0.1,860.8768384456635,12,"93_batch_size=32,fcn_width=32,learning_rate=0.0100,num_conv_layers=3,num_fcn_layers=2",0.01,32,100,<class '__main__.CNNFCNRegressor'>,3,2,32,/Users/tyler/GitHub Repositories/UT Austin/2024 Fall/CSML/Final-Project/EE-Estimation/logs/CNNFCN/run1,/Users/tyler/GitHub Repositories/UT Austin/2024 Fall/CSML/Final-Project/EE-Estimation/models/CNNFCN/run1,20,20,False,True,True
0.25436552123052586,0.5043466280550767,0.6761846091278126,0.8223044503879403,0.2476003616838228,31.454545454545453,CNNFCNRegressor_conv3_fcn2_fcnw64_lr0.01_batch16_epochs100,1732772640,,True,12,2024-11-27_23-44-00,0.004152059555053711,951.3896853923798,51396,Tylers-MacBook-Pro.local,127.0.0.1,951.3896853923798,12,"94_batch_size=16,fcn_width=64,learning_rate=0.0100,num_conv_layers=3,num_fcn_layers=2",0.01,16,100,<class '__main__.CNNFCNRegressor'>,3,2,64,/Users/tyler/GitHub Repositories/UT Austin/2024 Fall/CSML/Final-Project/EE-Estimation/logs/CNNFCN/run1,/Users/tyler/GitHub Repositories/UT Austin/2024 Fall/CSML/Final-Project/EE-Estimation/models/CNNFCN/run1,20,20,False,True,True
0.21857212265872192,0.4675169757973735,0.7517441659038501,0.867031813663057,0.26620534902521675,34.45454545454545,CNNFCNRegressor_conv3_fcn2_fcnw64_lr0.01_batch32_epochs100,1732772664,,True,12,2024-11-27_23-44-24,0.001561880111694336,965.2451798915863,51481,Tylers-MacBook-Pro.local,127.0.0.1,965.2451798915863,12,"95_batch_size=32,fcn_width=64,learning_rate=0.0100,num_conv_layers=3,num_fcn_layers=2",0.01,32,100,<class '__main__.CNNFCNRegressor'>,3,2,64,/Users/tyler/GitHub Repositories/UT Austin/2024 Fall/CSML/Final-Project/EE-Estimation/logs/CNNFCN/run1,/Users/tyler/GitHub Repositories/UT Austin/2024 Fall/CSML/Final-Project/EE-Estimation/models/CNNFCN/run1,20,20,False,True,True
0.36004905909265644,0.6000408811844876,0.6030303057731194,0.7765502596568489,0.4313677520561334,49.09090909090909,CNNFCNRegressor_conv1_fcn3_fcnw32_lr0.005_batch16_epochs100,1732772118,,True,12,2024-11-27_23-35-18,0.0007140636444091797,414.11483120918274,51521,Tylers-MacBook-Pro.local,127.0.0.1,414.11483120918274,12,"96_batch_size=16,fcn_width=32,learning_rate=0.0050,num_conv_layers=1,num_fcn_layers=3",0.005,16,100,<class '__main__.CNNFCNRegressor'>,1,3,32,/Users/tyler/GitHub Repositories/UT Austin/2024 Fall/CSML/Final-Project/EE-Estimation/logs/CNNFCN/run1,/Users/tyler/GitHub Repositories/UT Austin/2024 Fall/CSML/Final-Project/EE-Estimation/models/CNNFCN/run1,20,20,False,True,True
0.3589961620016558,0.5991628843658925,0.7674423291595315,0.8760378582912565,0.28441249393452045,36.27272727272727,CNNFCNRegressor_conv1_fcn3_fcnw32_lr0.005_batch32_epochs100,1732771943,,True,12,2024-11-27_23-32-23,0.0024330615997314453,230.83679127693176,51595,Tylers-MacBook-Pro.local,127.0.0.1,230.83679127693176,12,"97_batch_size=32,fcn_width=32,learning_rate=0.0050,num_conv_layers=1,num_fcn_layers=3",0.005,32,100,<class '__main__.CNNFCNRegressor'>,1,3,32,/Users/tyler/GitHub Repositories/UT Austin/2024 Fall/CSML/Final-Project/EE-Estimation/logs/CNNFCN/run1,/Users/tyler/GitHub Repositories/UT Austin/2024 Fall/CSML/Final-Project/EE-Estimation/models/CNNFCN/run1,20,20,False,True,True
0.28208913074996567,0.5311206367201011,0.7764694972094796,0.88117506615285,0.08445530120808148,38.72727272727273,CNNFCNRegressor_conv1_fcn3_fcnw64_lr0.005_batch16_epochs100,1732772216,,True,12,2024-11-27_23-36-56,0.0011060237884521484,291.50659584999084,53256,Tylers-MacBook-Pro.local,127.0.0.1,291.50659584999084,12,"98_batch_size=16,fcn_width=64,learning_rate=0.0050,num_conv_layers=1,num_fcn_layers=3",0.005,16,100,<class '__main__.CNNFCNRegressor'>,1,3,64,/Users/tyler/GitHub Repositories/UT Austin/2024 Fall/CSML/Final-Project/EE-Estimation/logs/CNNFCN/run1,/Users/tyler/GitHub Repositories/UT Austin/2024 Fall/CSML/Final-Project/EE-Estimation/models/CNNFCN/run1,20,20,False,True,True
0.26957321805329565,0.5192044087383076,0.8479500434098532,0.9208420295630805,0.1882107560706314,37.90909090909091,CNNFCNRegressor_conv1_fcn3_fcnw64_lr0.005_batch32_epochs100,1732772236,,True,12,2024-11-27_23-37-16,0.0005440711975097656,287.0833444595337,53435,Tylers-MacBook-Pro.local,127.0.0.1,287.0833444595337,12,"99_batch_size=32,fcn_width=64,learning_rate=0.0050,num_conv_layers=1,num_fcn_layers=3",0.005,32,100,<class '__main__.CNNFCNRegressor'>,1,3,64,/Users/tyler/GitHub Repositories/UT Austin/2024 Fall/CSML/Final-Project/EE-Estimation/logs/CNNFCN/run1,/Users/tyler/GitHub Repositories/UT Austin/2024 Fall/CSML/Final-Project/EE-Estimation/models/CNNFCN/run1,20,20,False,True,True
0.34939964988543654,0.591100372090423,0.6636958670308069,0.8146753138709966,0.3704197511373026,51.45454545454545,CNNFCNRegressor_conv1_fcn3_fcnw32_lr0.001_batch16_epochs100,1732772507,,True,12,2024-11-27_23-41-47,0.00017714500427246094,383.6656107902527,54836,Tylers-MacBook-Pro.local,127.0.0.1,383.6656107902527,12,"100_batch_size=16,fcn_width=32,learning_rate=0.0010,num_conv_layers=1,num_fcn_layers=3",0.001,16,100,<class '__main__.CNNFCNRegressor'>,1,3,32,/Users/tyler/GitHub Repositories/UT Austin/2024 Fall/CSML/Final-Project/EE-Estimation/logs/CNNFCN/run1,/Users/tyler/GitHub Repositories/UT Austin/2024 Fall/CSML/Final-Project/EE-Estimation/models/CNNFCN/run1,20,20,False,True,True
0.368084560374742,0.6066997283456965,0.7384997755644261,0.8593600965628007,0.25891348586449203,39.09090909090909,CNNFCNRegressor_conv1_fcn3_fcnw32_lr0.001_batch32_epochs100,1732772471,,True,12,2024-11-27_23-41-11,0.0010800361633300781,249.80740022659302,55599,Tylers-MacBook-Pro.local,127.0.0.1,249.80740022659302,12,"101_batch_size=32,fcn_width=32,learning_rate=0.0010,num_conv_layers=1,num_fcn_layers=3",0.001,32,100,<class '__main__.CNNFCNRegressor'>,1,3,32,/Users/tyler/GitHub Repositories/UT Austin/2024 Fall/CSML/Final-Project/EE-Estimation/logs/CNNFCN/run1,/Users/tyler/GitHub Repositories/UT Austin/2024 Fall/CSML/Final-Project/EE-Estimation/models/CNNFCN/run1,20,20,False,True,True
0.2589157255470383,0.508837621984694,0.7773779860464135,0.8816904139472163,0.2649523267335342,36.81818181818182,CNNFCNRegressor_conv1_fcn3_fcnw64_lr0.001_batch16_epochs100,1732772524,,True,12,2024-11-27_23-42-04,0.00017833709716796875,282.60635638237,55763,Tylers-MacBook-Pro.local,127.0.0.1,282.60635638237,12,"102_batch_size=16,fcn_width=64,learning_rate=0.0010,num_conv_layers=1,num_fcn_layers=3",0.001,16,100,<class '__main__.CNNFCNRegressor'>,1,3,64,/Users/tyler/GitHub Repositories/UT Austin/2024 Fall/CSML/Final-Project/EE-Estimation/logs/CNNFCN/run1,/Users/tyler/GitHub Repositories/UT Austin/2024 Fall/CSML/Final-Project/EE-Estimation/models/CNNFCN/run1,20,20,False,True,True
0.2660640976750322,0.5158140146167339,0.7776458381247099,0.8818422977634436,0.2732552727777594,38.90909090909091,CNNFCNRegressor_conv1_fcn3_fcnw64_lr0.001_batch32_epochs100,1732772492,,True,12,2024-11-27_23-41-32,0.006312847137451172,244.07512021064758,55802,Tylers-MacBook-Pro.local,127.0.0.1,244.07512021064758,12,"103_batch_size=32,fcn_width=64,learning_rate=0.0010,num_conv_layers=1,num_fcn_layers=3",0.001,32,100,<class '__main__.CNNFCNRegressor'>,1,3,64,/Users/tyler/GitHub Repositories/UT Austin/2024 Fall/CSML/Final-Project/EE-Estimation/logs/CNNFCN/run1,/Users/tyler/GitHub Repositories/UT Austin/2024 Fall/CSML/Final-Project/EE-Estimation/models/CNNFCN/run1,20,20,False,True,True
1.180774781815026,1.08663461283682,1.1967218315506543,1.093947819391151,-0.06675597137718352,26.545454545454547,CNNFCNRegressor_conv1_fcn3_fcnw32_lr0.05_batch16_epochs100,1732772535,,True,12,2024-11-27_23-42-15,0.00026702880859375,258.9219331741333,56041,Tylers-MacBook-Pro.local,127.0.0.1,258.9219331741333,12,"104_batch_size=16,fcn_width=32,learning_rate=0.0500,num_conv_layers=1,num_fcn_layers=3",0.05,16,100,<class '__main__.CNNFCNRegressor'>,1,3,32,/Users/tyler/GitHub Repositories/UT Austin/2024 Fall/CSML/Final-Project/EE-Estimation/logs/CNNFCN/run1,/Users/tyler/GitHub Repositories/UT Austin/2024 Fall/CSML/Final-Project/EE-Estimation/models/CNNFCN/run1,20,20,False,True,True
1.198938471299093,1.094960488464809,1.1009290147285067,1.0492516450921137,0.017185477992136575,27.0,CNNFCNRegressor_conv1_fcn3_fcnw32_lr0.05_batch32_epochs100,1732772662,,True,12,2024-11-27_23-44-22,0.00017380714416503906,203.83618211746216,57452,Tylers-MacBook-Pro.local,127.0.0.1,203.83618211746216,12,"105_batch_size=32,fcn_width=32,learning_rate=0.0500,num_conv_layers=1,num_fcn_layers=3",0.05,32,100,<class '__main__.CNNFCNRegressor'>,1,3,32,/Users/tyler/GitHub Repositories/UT Austin/2024 Fall/CSML/Final-Project/EE-Estimation/logs/CNNFCN/run1,/Users/tyler/GitHub Repositories/UT Austin/2024 Fall/CSML/Final-Project/EE-Estimation/models/CNNFCN/run1,20,20,False,True,True
1.179892987029744,1.0862287912911093,1.222069569921951,1.1054725550288216,-0.10041157320603342,28.727272727272727,CNNFCNRegressor_conv1_fcn3_fcnw64_lr0.05_batch16_epochs100,1732772707,,True,12,2024-11-27_23-45-07,0.0009412765502929688,230.47977685928345,57608,Tylers-MacBook-Pro.local,127.0.0.1,230.47977685928345,12,"106_batch_size=16,fcn_width=64,learning_rate=0.0500,num_conv_layers=1,num_fcn_layers=3",0.05,16,100,<class '__main__.CNNFCNRegressor'>,1,3,64,/Users/tyler/GitHub Repositories/UT Austin/2024 Fall/CSML/Final-Project/EE-Estimation/logs/CNNFCN/run1,/Users/tyler/GitHub Repositories/UT Austin/2024 Fall/CSML/Final-Project/EE-Estimation/models/CNNFCN/run1,20,20,False,True,True
1.0956352833876217,1.0467259829523778,1.1497992447538612,1.0722869227748053,0.003258347604479093,25.181818181818183,CNNFCNRegressor_conv1_fcn3_fcnw64_lr0.05_batch32_epochs100,1732772653,,True,12,2024-11-27_23-44-13,0.0002269744873046875,155.96443104743958,57773,Tylers-MacBook-Pro.local,127.0.0.1,155.96443104743958,12,"107_batch_size=32,fcn_width=64,learning_rate=0.0500,num_conv_layers=1,num_fcn_layers=3",0.05,32,100,<class '__main__.CNNFCNRegressor'>,1,3,64,/Users/tyler/GitHub Repositories/UT Austin/2024 Fall/CSML/Final-Project/EE-Estimation/logs/CNNFCN/run1,/Users/tyler/GitHub Repositories/UT Austin/2024 Fall/CSML/Final-Project/EE-Estimation/models/CNNFCN/run1,20,20,False,True,True
0.4339540225137306,0.6587518671804511,0.5816663739405183,0.7626705540012138,0.4091974702800172,40.81818181818182,CNNFCNRegressor_conv1_fcn3_fcnw32_lr0.01_batch16_epochs100,1732772814,,True,12,2024-11-27_23-46-54,0.0006361007690429688,302.3323519229889,57892,Tylers-MacBook-Pro.local,127.0.0.1,302.3323519229889,12,"108_batch_size=16,fcn_width=32,learning_rate=0.0100,num_conv_layers=1,num_fcn_layers=3",0.01,16,100,<class '__main__.CNNFCNRegressor'>,1,3,32,/Users/tyler/GitHub Repositories/UT Austin/2024 Fall/CSML/Final-Project/EE-Estimation/logs/CNNFCN/run1,/Users/tyler/GitHub Repositories/UT Austin/2024 Fall/CSML/Final-Project/EE-Estimation/models/CNNFCN/run1,20,20,False,True,True
0.3804724184421131,0.6168244632325416,0.8676726672561584,0.9314894885376638,-0.21224852493076068,42.45454545454545,CNNFCNRegressor_conv1_fcn3_fcnw32_lr0.01_batch32_epochs100,1732772784,,True,12,2024-11-27_23-46-24,0.0002880096435546875,268.2188003063202,57929,Tylers-MacBook-Pro.local,127.0.0.1,268.2188003063202,12,"109_batch_size=32,fcn_width=32,learning_rate=0.0100,num_conv_layers=1,num_fcn_layers=3",0.01,32,100,<class '__main__.CNNFCNRegressor'>,1,3,32,/Users/tyler/GitHub Repositories/UT Austin/2024 Fall/CSML/Final-Project/EE-Estimation/logs/CNNFCN/run1,/Users/tyler/GitHub Repositories/UT Austin/2024 Fall/CSML/Final-Project/EE-Estimation/models/CNNFCN/run1,20,20,False,True,True
0.38377378053304306,0.6194947784550271,0.5594285857949083,0.7479495877363048,0.49388117439267654,37.18181818181818,CNNFCNRegressor_conv1_fcn3_fcnw64_lr0.01_batch16_epochs100,1732772807,,True,12,2024-11-27_23-46-47,0.001619100570678711,278.7816274166107,58026,Tylers-MacBook-Pro.local,127.0.0.1,278.7816274166107,12,"110_batch_size=16,fcn_width=64,learning_rate=0.0100,num_conv_layers=1,num_fcn_layers=3",0.01,16,100,<class '__main__.CNNFCNRegressor'>,1,3,64,/Users/tyler/GitHub Repositories/UT Austin/2024 Fall/CSML/Final-Project/EE-Estimation/logs/CNNFCN/run1,/Users/tyler/GitHub Repositories/UT Austin/2024 Fall/CSML/Final-Project/EE-Estimation/models/CNNFCN/run1,20,20,False,True,True
0.322299605277652,0.5677143694479223,0.9578530146396993,0.9786996549706652,-0.1929951539629588,41.63636363636363,CNNFCNRegressor_conv1_fcn3_fcnw64_lr0.01_batch32_epochs100,1732772799,,True,12,2024-11-27_23-46-39,0.0005109310150146484,258.0472972393036,58134,Tylers-MacBook-Pro.local,127.0.0.1,258.0472972393036,12,"111_batch_size=32,fcn_width=64,learning_rate=0.0100,num_conv_layers=1,num_fcn_layers=3",0.01,32,100,<class '__main__.CNNFCNRegressor'>,1,3,64,/Users/tyler/GitHub Repositories/UT Austin/2024 Fall/CSML/Final-Project/EE-Estimation/logs/CNNFCN/run1,/Users/tyler/GitHub Repositories/UT Austin/2024 Fall/CSML/Final-Project/EE-Estimation/models/CNNFCN/run1,20,20,False,True,True
0.34558524222939024,0.5878649863951673,0.617173493322782,0.7856039035816854,0.3588942201777394,25.90909090909091,CNNFCNRegressor_conv2_fcn3_fcnw32_lr0.005_batch16_epochs100,1732773056,,True,12,2024-11-27_23-50-56,0.0003421306610107422,451.75706458091736,58617,Tylers-MacBook-Pro.local,127.0.0.1,451.75706458091736,12,"112_batch_size=16,fcn_width=32,learning_rate=0.0050,num_conv_layers=2,num_fcn_layers=3",0.005,16,100,<class '__main__.CNNFCNRegressor'>,2,3,32,/Users/tyler/GitHub Repositories/UT Austin/2024 Fall/CSML/Final-Project/EE-Estimation/logs/CNNFCN/run1,/Users/tyler/GitHub Repositories/UT Austin/2024 Fall/CSML/Final-Project/EE-Estimation/models/CNNFCN/run1,20,20,False,True,True
0.3294546156539323,0.5739813722185871,0.6771043329438498,0.8228634959358992,0.30525672596611364,28.90909090909091,CNNFCNRegressor_conv2_fcn3_fcnw32_lr0.005_batch32_epochs100,1732773106,,True,12,2024-11-27_23-51-46,0.0016970634460449219,460.412748336792,58994,Tylers-MacBook-Pro.local,127.0.0.1,460.412748336792,12,"113_batch_size=32,fcn_width=32,learning_rate=0.0050,num_conv_layers=2,num_fcn_layers=3",0.005,32,100,<class '__main__.CNNFCNRegressor'>,2,3,32,/Users/tyler/GitHub Repositories/UT Austin/2024 Fall/CSML/Final-Project/EE-Estimation/logs/CNNFCN/run1,/Users/tyler/GitHub Repositories/UT Austin/2024 Fall/CSML/Final-Project/EE-Estimation/models/CNNFCN/run1,20,20,False,True,True
0.2600273793441603,0.5099287983083132,0.7881893102347991,0.8878002648314536,0.19403940347452142,34.63636363636363,CNNFCNRegressor_conv2_fcn3_fcnw64_lr0.005_batch16_epochs100,1732773243,,True,12,2024-11-27_23-54-03,0.001672983169555664,584.8966281414032,59094,Tylers-MacBook-Pro.local,127.0.0.1,584.8966281414032,12,"114_batch_size=16,fcn_width=64,learning_rate=0.0050,num_conv_layers=2,num_fcn_layers=3",0.005,16,100,<class '__main__.CNNFCNRegressor'>,2,3,64,/Users/tyler/GitHub Repositories/UT Austin/2024 Fall/CSML/Final-Project/EE-Estimation/logs/CNNFCN/run1,/Users/tyler/GitHub Repositories/UT Austin/2024 Fall/CSML/Final-Project/EE-Estimation/models/CNNFCN/run1,20,20,False,True,True
0.2489120526087292,0.49891086639672344,0.6626441242755695,0.8140295598291069,0.37840185116940783,28.272727272727273,CNNFCNRegressor_conv2_fcn3_fcnw64_lr0.005_batch32_epochs100,1732773102,,True,12,2024-11-27_23-51-42,0.0007197856903076172,435.25096678733826,59167,Tylers-MacBook-Pro.local,127.0.0.1,435.25096678733826,12,"115_batch_size=32,fcn_width=64,learning_rate=0.0050,num_conv_layers=2,num_fcn_layers=3",0.005,32,100,<class '__main__.CNNFCNRegressor'>,2,3,64,/Users/tyler/GitHub Repositories/UT Austin/2024 Fall/CSML/Final-Project/EE-Estimation/logs/CNNFCN/run1,/Users/tyler/GitHub Repositories/UT Austin/2024 Fall/CSML/Final-Project/EE-Estimation/models/CNNFCN/run1,20,20,False,True,True
0.31196735421259086,0.5585403783188739,0.5653196435245315,0.7518774125643963,0.44674924631488894,31.363636363636363,CNNFCNRegressor_conv2_fcn3_fcnw32_lr0.001_batch16_epochs100,1732773249,,True,12,2024-11-27_23-54-09,0.0025899410247802734,580.1183514595032,59180,Tylers-MacBook-Pro.local,127.0.0.1,580.1183514595032,12,"116_batch_size=16,fcn_width=32,learning_rate=0.0010,num_conv_layers=2,num_fcn_layers=3",0.001,16,100,<class '__main__.CNNFCNRegressor'>,2,3,32,/Users/tyler/GitHub Repositories/UT Austin/2024 Fall/CSML/Final-Project/EE-Estimation/logs/CNNFCN/run1,/Users/tyler/GitHub Repositories/UT Austin/2024 Fall/CSML/Final-Project/EE-Estimation/models/CNNFCN/run1,20,20,False,True,True
0.32059149488923144,0.5662079961367832,0.6087638204289157,0.780233183368226,0.44133330804285476,29.454545454545453,CNNFCNRegressor_conv2_fcn3_fcnw32_lr0.001_batch32_epochs100,1732773161,,True,12,2024-11-27_23-52-41,0.0019278526306152344,448.3842740058899,59534,Tylers-MacBook-Pro.local,127.0.0.1,448.3842740058899,12,"117_batch_size=32,fcn_width=32,learning_rate=0.0010,num_conv_layers=2,num_fcn_layers=3",0.001,32,100,<class '__main__.CNNFCNRegressor'>,2,3,32,/Users/tyler/GitHub Repositories/UT Austin/2024 Fall/CSML/Final-Project/EE-Estimation/logs/CNNFCN/run1,/Users/tyler/GitHub Repositories/UT Austin/2024 Fall/CSML/Final-Project/EE-Estimation/models/CNNFCN/run1,20,20,False,True,True
0.22936319119675422,0.47891877306778674,0.6617917603713513,0.8135058453209487,0.33574144637236236,30.181818181818183,CNNFCNRegressor_conv2_fcn3_fcnw64_lr0.001_batch16_epochs100,1732773354,,True,12,2024-11-27_23-55-54,0.0003561973571777344,565.1603953838348,60152,Tylers-MacBook-Pro.local,127.0.0.1,565.1603953838348,12,"118_batch_size=16,fcn_width=64,learning_rate=0.0010,num_conv_layers=2,num_fcn_layers=3",0.001,16,100,<class '__main__.CNNFCNRegressor'>,2,3,64,/Users/tyler/GitHub Repositories/UT Austin/2024 Fall/CSML/Final-Project/EE-Estimation/logs/CNNFCN/run1,/Users/tyler/GitHub Repositories/UT Austin/2024 Fall/CSML/Final-Project/EE-Estimation/models/CNNFCN/run1,20,20,False,True,True
0.23045041911348577,0.48005251703692353,0.6351092193027275,0.7969373998644608,0.3840690690809639,33.0,CNNFCNRegressor_conv2_fcn3_fcnw64_lr0.001_batch32_epochs100,1732773313,,True,12,2024-11-27_23-55-13,0.0002658367156982422,508.5857448577881,60283,Tylers-MacBook-Pro.local,127.0.0.1,508.5857448577881,12,"119_batch_size=32,fcn_width=64,learning_rate=0.0010,num_conv_layers=2,num_fcn_layers=3",0.001,32,100,<class '__main__.CNNFCNRegressor'>,2,3,64,/Users/tyler/GitHub Repositories/UT Austin/2024 Fall/CSML/Final-Project/EE-Estimation/logs/CNNFCN/run1,/Users/tyler/GitHub Repositories/UT Austin/2024 Fall/CSML/Final-Project/EE-Estimation/models/CNNFCN/run1,20,20,False,True,True
1.177252667969688,1.0850127501415308,1.1842339273195788,1.0882251271311367,-0.05196378471514198,27.545454545454547,CNNFCNRegressor_conv2_fcn3_fcnw32_lr0.05_batch16_epochs100,1732773280,,True,12,2024-11-27_23-54-40,0.0008959770202636719,466.8006808757782,60355,Tylers-MacBook-Pro.local,127.0.0.1,466.8006808757782,12,"120_batch_size=16,fcn_width=32,learning_rate=0.0500,num_conv_layers=2,num_fcn_layers=3",0.05,16,100,<class '__main__.CNNFCNRegressor'>,2,3,32,/Users/tyler/GitHub Repositories/UT Austin/2024 Fall/CSML/Final-Project/EE-Estimation/logs/CNNFCN/run1,/Users/tyler/GitHub Repositories/UT Austin/2024 Fall/CSML/Final-Project/EE-Estimation/models/CNNFCN/run1,20,20,False,True,True
1.1360365592966146,1.0658501579943658,1.1585538747054187,1.0763614052470567,0.006391147574740483,24.818181818181817,CNNFCNRegressor_conv2_fcn3_fcnw32_lr0.05_batch32_epochs100,1732773224,,True,12,2024-11-27_23-53-44,0.0006909370422363281,404.1044034957886,60405,Tylers-MacBook-Pro.local,127.0.0.1,404.1044034957886,12,"121_batch_size=32,fcn_width=32,learning_rate=0.0500,num_conv_layers=2,num_fcn_layers=3",0.05,32,100,<class '__main__.CNNFCNRegressor'>,2,3,32,/Users/tyler/GitHub Repositories/UT Austin/2024 Fall/CSML/Final-Project/EE-Estimation/logs/CNNFCN/run1,/Users/tyler/GitHub Repositories/UT Austin/2024 Fall/CSML/Final-Project/EE-Estimation/models/CNNFCN/run1,20,20,False,True,True
1.1750510138461616,1.0839977001111034,1.1899149489957908,1.090832227703138,-0.067330109477399,36.09090909090909,CNNFCNRegressor_conv2_fcn3_fcnw64_lr0.05_batch16_epochs100,1732773707,,True,12,2024-11-28_00-01-47,0.00045299530029296875,644.3653855323792,62292,Tylers-MacBook-Pro.local,127.0.0.1,644.3653855323792,12,"122_batch_size=16,fcn_width=64,learning_rate=0.0500,num_conv_layers=2,num_fcn_layers=3",0.05,16,100,<class '__main__.CNNFCNRegressor'>,2,3,64,/Users/tyler/GitHub Repositories/UT Austin/2024 Fall/CSML/Final-Project/EE-Estimation/logs/CNNFCN/run1,/Users/tyler/GitHub Repositories/UT Austin/2024 Fall/CSML/Final-Project/EE-Estimation/models/CNNFCN/run1,20,20,False,True,True
1.1445944162723547,1.0698571943359332,1.1427456516514356,1.0689928211412065,-0.025445699463866,24.272727272727273,CNNFCNRegressor_conv2_fcn3_fcnw64_lr0.05_batch32_epochs100,1732773479,,True,12,2024-11-27_23-57-59,0.0014150142669677734,371.0363163948059,62646,Tylers-MacBook-Pro.local,127.0.0.1,371.0363163948059,12,"123_batch_size=32,fcn_width=64,learning_rate=0.0500,num_conv_layers=2,num_fcn_layers=3",0.05,32,100,<class '__main__.CNNFCNRegressor'>,2,3,64,/Users/tyler/GitHub Repositories/UT Austin/2024 Fall/CSML/Final-Project/EE-Estimation/logs/CNNFCN/run1,/Users/tyler/GitHub Repositories/UT Austin/2024 Fall/CSML/Final-Project/EE-Estimation/models/CNNFCN/run1,20,20,False,True,True
0.43957178252757156,0.6630020984337618,0.6038156271047499,0.777055742598142,0.43267415121262986,33.72727272727273,CNNFCNRegressor_conv2_fcn3_fcnw32_lr0.01_batch16_epochs100,1732773701,,True,12,2024-11-28_00-01-41,0.0004436969757080078,589.1587498188019,62683,Tylers-MacBook-Pro.local,127.0.0.1,589.1587498188019,12,"124_batch_size=16,fcn_width=32,learning_rate=0.0100,num_conv_layers=2,num_fcn_layers=3",0.01,16,100,<class '__main__.CNNFCNRegressor'>,2,3,32,/Users/tyler/GitHub Repositories/UT Austin/2024 Fall/CSML/Final-Project/EE-Estimation/logs/CNNFCN/run1,/Users/tyler/GitHub Repositories/UT Austin/2024 Fall/CSML/Final-Project/EE-Estimation/models/CNNFCN/run1,20,20,False,True,True
0.3822763381793966,0.6182849975370553,0.6630351369936481,0.8142696954901663,0.30627670991967687,27.818181818181817,CNNFCNRegressor_conv2_fcn3_fcnw32_lr0.01_batch32_epochs100,1732773591,,True,12,2024-11-27_23-59-51,0.0006549358367919922,423.8550055027008,63136,Tylers-MacBook-Pro.local,127.0.0.1,423.8550055027008,12,"125_batch_size=32,fcn_width=32,learning_rate=0.0100,num_conv_layers=2,num_fcn_layers=3",0.01,32,100,<class '__main__.CNNFCNRegressor'>,2,3,32,/Users/tyler/GitHub Repositories/UT Austin/2024 Fall/CSML/Final-Project/EE-Estimation/logs/CNNFCN/run1,/Users/tyler/GitHub Repositories/UT Austin/2024 Fall/CSML/Final-Project/EE-Estimation/models/CNNFCN/run1,20,20,False,True,True
0.40165283191866014,0.6337608633535682,0.6338559260662482,0.7961506930639752,0.41010166941199006,29.818181818181817,CNNFCNRegressor_conv2_fcn3_fcnw64_lr0.01_batch16_epochs100,1732773745,,True,12,2024-11-28_00-02-25,0.0011990070343017578,514.3952617645264,63623,Tylers-MacBook-Pro.local,127.0.0.1,514.3952617645264,12,"126_batch_size=16,fcn_width=64,learning_rate=0.0100,num_conv_layers=2,num_fcn_layers=3",0.01,16,100,<class '__main__.CNNFCNRegressor'>,2,3,64,/Users/tyler/GitHub Repositories/UT Austin/2024 Fall/CSML/Final-Project/EE-Estimation/logs/CNNFCN/run1,/Users/tyler/GitHub Repositories/UT Austin/2024 Fall/CSML/Final-Project/EE-Estimation/models/CNNFCN/run1,20,20,False,True,True
0.3103700341544243,0.5571086376591412,0.6306798763175057,0.7941535596580208,0.39964356419341746,32.09090909090909,CNNFCNRegressor_conv2_fcn3_fcnw64_lr0.01_batch32_epochs100,1732773766,,True,12,2024-11-28_00-02-46,0.0012059211730957031,517.058126449585,63876,Tylers-MacBook-Pro.local,127.0.0.1,517.058126449585,12,"127_batch_size=32,fcn_width=64,learning_rate=0.0100,num_conv_layers=2,num_fcn_layers=3",0.01,32,100,<class '__main__.CNNFCNRegressor'>,2,3,64,/Users/tyler/GitHub Repositories/UT Austin/2024 Fall/CSML/Final-Project/EE-Estimation/logs/CNNFCN/run1,/Users/tyler/GitHub Repositories/UT Austin/2024 Fall/CSML/Final-Project/EE-Estimation/models/CNNFCN/run1,20,20,False,True,True
0.32166172951099536,0.5671522983388108,0.6866515974096447,0.8286444336442771,0.3801938971772867,36.0,CNNFCNRegressor_conv3_fcn3_fcnw32_lr0.005_batch16_epochs100,1732774494,,True,12,2024-11-28_00-14-54,0.0003790855407714844,1239.4075255393982,63917,Tylers-MacBook-Pro.local,127.0.0.1,1239.4075255393982,12,"128_batch_size=16,fcn_width=32,learning_rate=0.0050,num_conv_layers=3,num_fcn_layers=3",0.005,16,100,<class '__main__.CNNFCNRegressor'>,3,3,32,/Users/tyler/GitHub Repositories/UT Austin/2024 Fall/CSML/Final-Project/EE-Estimation/logs/CNNFCN/run1,/Users/tyler/GitHub Repositories/UT Austin/2024 Fall/CSML/Final-Project/EE-Estimation/models/CNNFCN/run1,20,20,False,True,True
0.3040194936202908,0.551379627498415,0.7273824369310508,0.852867185985632,0.33878692733983673,36.54545454545455,CNNFCNRegressor_conv3_fcn3_fcnw32_lr0.005_batch32_epochs100,1732774384,,True,12,2024-11-28_00-13-04,0.00047707557678222656,1098.4377977848053,64174,Tylers-MacBook-Pro.local,127.0.0.1,1098.4377977848053,12,"129_batch_size=32,fcn_width=32,learning_rate=0.0050,num_conv_layers=3,num_fcn_layers=3",0.005,32,100,<class '__main__.CNNFCNRegressor'>,3,3,32,/Users/tyler/GitHub Repositories/UT Austin/2024 Fall/CSML/Final-Project/EE-Estimation/logs/CNNFCN/run1,/Users/tyler/GitHub Repositories/UT Austin/2024 Fall/CSML/Final-Project/EE-Estimation/models/CNNFCN/run1,20,20,False,True,True
0.2629608401167923,0.5127970749885302,0.6131642221955365,0.7830480331343259,0.4160695158323037,30.818181818181817,CNNFCNRegressor_conv3_fcn3_fcnw64_lr0.005_batch16_epochs100,1732774293,,True,12,2024-11-28_00-11-33,0.00025200843811035156,974.6897571086884,64469,Tylers-MacBook-Pro.local,127.0.0.1,974.6897571086884,12,"130_batch_size=16,fcn_width=64,learning_rate=0.0050,num_conv_layers=3,num_fcn_layers=3",0.005,16,100,<class '__main__.CNNFCNRegressor'>,3,3,64,/Users/tyler/GitHub Repositories/UT Austin/2024 Fall/CSML/Final-Project/EE-Estimation/logs/CNNFCN/run1,/Users/tyler/GitHub Repositories/UT Austin/2024 Fall/CSML/Final-Project/EE-Estimation/models/CNNFCN/run1,20,20,False,True,True
0.24018797046387166,0.49008975755862483,0.6424652689216723,0.801539312149861,0.4159312946773604,29.181818181818183,CNNFCNRegressor_conv3_fcn3_fcnw64_lr0.005_batch32_epochs100,1732774217,,True,12,2024-11-28_00-10-17,0.0009188652038574219,857.0359301567078,64808,Tylers-MacBook-Pro.local,127.0.0.1,857.0359301567078,12,"131_batch_size=32,fcn_width=64,learning_rate=0.0050,num_conv_layers=3,num_fcn_layers=3",0.005,32,100,<class '__main__.CNNFCNRegressor'>,3,3,64,/Users/tyler/GitHub Repositories/UT Austin/2024 Fall/CSML/Final-Project/EE-Estimation/logs/CNNFCN/run1,/Users/tyler/GitHub Repositories/UT Austin/2024 Fall/CSML/Final-Project/EE-Estimation/models/CNNFCN/run1,20,20,False,True,True
0.3002789404592265,0.5479771349784829,0.6256438087680406,0.7909764906544572,0.4109366752204507,25.727272727272727,CNNFCNRegressor_conv3_fcn3_fcnw32_lr0.001_batch16_epochs100,1732774301,,True,12,2024-11-28_00-11-41,0.0011501312255859375,814.7279353141785,65793,Tylers-MacBook-Pro.local,127.0.0.1,814.7279353141785,12,"132_batch_size=16,fcn_width=32,learning_rate=0.0010,num_conv_layers=3,num_fcn_layers=3",0.001,16,100,<class '__main__.CNNFCNRegressor'>,3,3,32,/Users/tyler/GitHub Repositories/UT Austin/2024 Fall/CSML/Final-Project/EE-Estimation/logs/CNNFCN/run1,/Users/tyler/GitHub Repositories/UT Austin/2024 Fall/CSML/Final-Project/EE-Estimation/models/CNNFCN/run1,20,20,False,True,True
0.3050054129409465,0.5522729514840886,0.6711446342940046,0.819234175491968,0.38724247083440616,28.0,CNNFCNRegressor_conv3_fcn3_fcnw32_lr0.001_batch32_epochs100,1732774458,,True,12,2024-11-28_00-14-18,0.0004200935363769531,860.5587522983551,66675,Tylers-MacBook-Pro.local,127.0.0.1,860.5587522983551,12,"133_batch_size=32,fcn_width=32,learning_rate=0.0010,num_conv_layers=3,num_fcn_layers=3",0.001,32,100,<class '__main__.CNNFCNRegressor'>,3,3,32,/Users/tyler/GitHub Repositories/UT Austin/2024 Fall/CSML/Final-Project/EE-Estimation/logs/CNNFCN/run1,/Users/tyler/GitHub Repositories/UT Austin/2024 Fall/CSML/Final-Project/EE-Estimation/models/CNNFCN/run1,20,20,False,True,True
0.21452185039598906,0.4631650358090397,0.6538406983835109,0.8086041666869587,0.36135100662796643,30.181818181818183,CNNFCNRegressor_conv3_fcn3_fcnw64_lr0.001_batch16_epochs100,1732774677,,True,12,2024-11-28_00-17-57,0.001348733901977539,969.3385367393494,67554,Tylers-MacBook-Pro.local,127.0.0.1,969.3385367393494,12,"134_batch_size=16,fcn_width=64,learning_rate=0.0010,num_conv_layers=3,num_fcn_layers=3",0.001,16,100,<class '__main__.CNNFCNRegressor'>,3,3,64,/Users/tyler/GitHub Repositories/UT Austin/2024 Fall/CSML/Final-Project/EE-Estimation/logs/CNNFCN/run1,/Users/tyler/GitHub Repositories/UT Austin/2024 Fall/CSML/Final-Project/EE-Estimation/models/CNNFCN/run1,20,20,False,True,True
0.21784013797398058,0.46673347638023627,0.6908880288081225,0.8311967449455769,0.3549685363261346,30.272727272727273,CNNFCNRegressor_conv3_fcn3_fcnw64_lr0.001_batch32_epochs100,1732774604,,True,12,2024-11-28_00-16-44,0.00037097930908203125,890.8708896636963,67616,Tylers-MacBook-Pro.local,127.0.0.1,890.8708896636963,12,"135_batch_size=32,fcn_width=64,learning_rate=0.0010,num_conv_layers=3,num_fcn_layers=3",0.001,32,100,<class '__main__.CNNFCNRegressor'>,3,3,64,/Users/tyler/GitHub Repositories/UT Austin/2024 Fall/CSML/Final-Project/EE-Estimation/logs/CNNFCN/run1,/Users/tyler/GitHub Repositories/UT Austin/2024 Fall/CSML/Final-Project/EE-Estimation/models/CNNFCN/run1,20,20,False,True,True
1.1830975758362963,1.0877028895044345,1.1818492333759967,1.0871288945548254,-0.0670057800157914,35.45454545454545,CNNFCNRegressor_conv3_fcn3_fcnw32_lr0.05_batch16_epochs100,1732774831,,True,12,2024-11-28_00-20-31,0.0001678466796875,1080.9205434322357,67897,Tylers-MacBook-Pro.local,127.0.0.1,1080.9205434322357,12,"136_batch_size=16,fcn_width=32,learning_rate=0.0500,num_conv_layers=3,num_fcn_layers=3",0.05,16,100,<class '__main__.CNNFCNRegressor'>,3,3,32,/Users/tyler/GitHub Repositories/UT Austin/2024 Fall/CSML/Final-Project/EE-Estimation/logs/CNNFCN/run1,/Users/tyler/GitHub Repositories/UT Austin/2024 Fall/CSML/Final-Project/EE-Estimation/models/CNNFCN/run1,20,20,False,True,True
1.179738868065944,1.086157846754303,1.2106760980629183,1.1003072743842597,-0.07894203603955173,30.545454545454547,CNNFCNRegressor_conv3_fcn3_fcnw32_lr0.05_batch32_epochs100,1732774653,,True,12,2024-11-28_00-17-33,0.0003650188446044922,881.5573904514313,68067,Tylers-MacBook-Pro.local,127.0.0.1,881.5573904514313,12,"137_batch_size=32,fcn_width=32,learning_rate=0.0500,num_conv_layers=3,num_fcn_layers=3",0.05,32,100,<class '__main__.CNNFCNRegressor'>,3,3,32,/Users/tyler/GitHub Repositories/UT Austin/2024 Fall/CSML/Final-Project/EE-Estimation/logs/CNNFCN/run1,/Users/tyler/GitHub Repositories/UT Austin/2024 Fall/CSML/Final-Project/EE-Estimation/models/CNNFCN/run1,20,20,False,True,True
1.1826587906908033,1.0875011681330753,1.196516550657973,1.0938539896430295,-0.07016768595472146,40.0,CNNFCNRegressor_conv3_fcn3_fcnw64_lr0.05_batch16_epochs100,1732775291,,True,12,2024-11-28_00-28-11,0.00011396408081054688,1067.3685541152954,71694,Tylers-MacBook-Pro.local,127.0.0.1,1067.3685541152954,12,"138_batch_size=16,fcn_width=64,learning_rate=0.0500,num_conv_layers=3,num_fcn_layers=3",0.05,16,100,<class '__main__.CNNFCNRegressor'>,3,3,64,/Users/tyler/GitHub Repositories/UT Austin/2024 Fall/CSML/Final-Project/EE-Estimation/logs/CNNFCN/run1,/Users/tyler/GitHub Repositories/UT Austin/2024 Fall/CSML/Final-Project/EE-Estimation/models/CNNFCN/run1,20,20,False,True,True
1.1771406530144903,1.0849611297251576,1.2072994405564428,1.0987717872954523,-0.09533670319710104,30.454545454545453,CNNFCNRegressor_conv3_fcn3_fcnw64_lr0.05_batch32_epochs100,1732775080,,True,12,2024-11-28_00-24-40,0.00026702880859375,781.0416555404663,72314,Tylers-MacBook-Pro.local,127.0.0.1,781.0416555404663,12,"139_batch_size=32,fcn_width=64,learning_rate=0.0500,num_conv_layers=3,num_fcn_layers=3",0.05,32,100,<class '__main__.CNNFCNRegressor'>,3,3,64,/Users/tyler/GitHub Repositories/UT Austin/2024 Fall/CSML/Final-Project/EE-Estimation/logs/CNNFCN/run1,/Users/tyler/GitHub Repositories/UT Austin/2024 Fall/CSML/Final-Project/EE-Estimation/models/CNNFCN/run1,20,20,False,True,True
0.4380814673710913,0.6618772298327623,0.49818049590416746,0.7058190248953109,0.5196099077573186,39.09090909090909,CNNFCNRegressor_conv3_fcn3_fcnw32_lr0.01_batch16_epochs100,1732775333,,True,12,2024-11-28_00-28-53,0.00013399124145507812,1026.4223744869232,72379,Tylers-MacBook-Pro.local,127.0.0.1,1026.4223744869232,12,"140_batch_size=16,fcn_width=32,learning_rate=0.0100,num_conv_layers=3,num_fcn_layers=3",0.01,16,100,<class '__main__.CNNFCNRegressor'>,3,3,32,/Users/tyler/GitHub Repositories/UT Austin/2024 Fall/CSML/Final-Project/EE-Estimation/logs/CNNFCN/run1,/Users/tyler/GitHub Repositories/UT Austin/2024 Fall/CSML/Final-Project/EE-Estimation/models/CNNFCN/run1,20,20,False,True,True
0.38662173168326264,0.6217891376369183,0.6258799661235684,0.7911257587283885,0.298824899787218,33.36363636363637,CNNFCNRegressor_conv3_fcn3_fcnw32_lr0.01_batch32_epochs100,1732775255,,True,12,2024-11-28_00-27-35,0.0001671314239501953,865.9696476459503,73032,Tylers-MacBook-Pro.local,127.0.0.1,865.9696476459503,12,"141_batch_size=32,fcn_width=32,learning_rate=0.0100,num_conv_layers=3,num_fcn_layers=3",0.01,32,100,<class '__main__.CNNFCNRegressor'>,3,3,32,/Users/tyler/GitHub Repositories/UT Austin/2024 Fall/CSML/Final-Project/EE-Estimation/logs/CNNFCN/run1,/Users/tyler/GitHub Repositories/UT Austin/2024 Fall/CSML/Final-Project/EE-Estimation/models/CNNFCN/run1,20,20,False,True,True
0.40278195240296505,0.6346510477443215,0.5370162337109631,0.7328139147907626,0.5047486020428388,33.45454545454545,CNNFCNRegressor_conv3_fcn3_fcnw64_lr0.01_batch16_epochs100,1732775355,,True,12,2024-11-28_00-29-15,0.00010704994201660156,891.5501964092255,73672,Tylers-MacBook-Pro.local,127.0.0.1,891.5501964092255,12,"142_batch_size=16,fcn_width=64,learning_rate=0.0100,num_conv_layers=3,num_fcn_layers=3",0.01,16,100,<class '__main__.CNNFCNRegressor'>,3,3,64,/Users/tyler/GitHub Repositories/UT Austin/2024 Fall/CSML/Final-Project/EE-Estimation/logs/CNNFCN/run1,/Users/tyler/GitHub Repositories/UT Austin/2024 Fall/CSML/Final-Project/EE-Estimation/models/CNNFCN/run1,20,20,False,True,True
0.3231561324774109,0.5684682334813537,0.6691929256264864,0.8180421294936382,0.3168891966785014,35.09090909090909,CNNFCNRegressor_conv3_fcn3_fcnw64_lr0.01_batch32_epochs100,1732775354,,True,12,2024-11-28_00-29-14,0.0001049041748046875,854.9092173576355,73958,Tylers-MacBook-Pro.local,127.0.0.1,854.9092173576355,12,"143_batch_size=32,fcn_width=64,learning_rate=0.0100,num_conv_layers=3,num_fcn_layers=3",0.01,32,100,<class '__main__.CNNFCNRegressor'>,3,3,64,/Users/tyler/GitHub Repositories/UT Austin/2024 Fall/CSML/Final-Project/EE-Estimation/logs/CNNFCN/run1,/Users/tyler/GitHub Repositories/UT Austin/2024 Fall/CSML/Final-Project/EE-Estimation/models/CNNFCN/run1,20,20,False,True,True
